Python,SQL,Numpy,Pandas,Excel,Power BI,Statistics,Git,Github,Machine Learning,Career
1,1,0,0,1,1,1,0,0,0,Data Analyst
1,1,0,0,1,1,1,0,0,0,Data Analyst
1,1,0,0,1,1,1,0,0,0,Data Analyst
1,1,0,0,1,1,1,0,0,0,Data Analyst
1,1,0,0,1,1,1,0,0,0,Data Analyst
1,1,0,0,1,1,1,0,0,0,Data Analyst
1,1,0,0,1,0,1,0,0,0,Data Analyst
1,1,0,0,1,1,1,0,0,0,Data Analyst
1,1,0,0,0,1,1,0,0,0,Data Analyst
1,1,0,0,1,1,1,0,0,0,Data Analyst
1,1,0,0,1,1,1,0,0,0,Data Analyst
1,1,0,0,1,0,1,0,0,0,Data Analyst
1,1,0,0,1,0,1,0,0,0,Data Analyst
1,1,0,0,0,1,1,0,0,0,Data Analyst
1,1,0,0,1,1,1,0,0,0,Data Analyst
1,1,0,0,0,1,1,0,0,0,Data Analyst
1,1,0,0,0,1,1,0,0,0,Data Analyst
1,1,0,0,1,1,1,0,0,0,Data Analyst
1,0,0,0,1,0,1,0,0,0,Data Analyst
1,1,0,0,1,1,1,0,0,0,Data Analyst
1,1,0,0,1,1,1,0,0,0,Data Analyst
1,1,0,0,0,1,1,0,0,0,Data Analyst
1,1,0,0,0,1,1,0,0,0,Data Analyst
1,1,0,0,1,1,1,0,0,0,Data Analyst
1,1,0,0,1,1,1,0,0,0,Data Analyst
1,1,0,0,0,1,1,0,0,0,Data Analyst
1,1,0,0,1,1,1,0,0,0,Data Analyst
1,1,0,0,1,1,1,0,0,0,Data Analyst
1,1,0,0,0,1,1,0,0,0,Data Analyst
1,1,0,0,0,1,1,0,0,0,Data Analyst
1,1,0,0,1,1,1,0,0,0,Data Analyst
1,1,0,0,1,1,1,0,0,0,Data Analyst
1,1,0,0,0,1,1,0,0,0,Data Analyst
1,1,0,0,1,1,1,0,0,0,Data Analyst
1,1,0,0,1,1,1,0,0,0,Data Analyst
1,1,0,0,1,1,0,0,0,0,Data Analyst
1,1,0,0,1,1,1,0,0,0,Data Analyst
1,1,0,0,1,1,1,0,0,0,Data Analyst
1,1,0,0,1,1,1,0,0,0,Data Analyst
1,1,0,0,1,1,1,0,0,0,Data Analyst
1,1,0,0,1,0,1,0,0,0,Data Analyst
1,1,0,0,1,1,1,0,0,0,Data Analyst
1,1,0,0,0,1,1,0,0,0,Data Analyst
1,1,0,0,1,1,0,0,0,0,Data Analyst
1,1,0,0,1,1,1,0,0,0,Data Analyst
1,1,0,0,0,1,1,0,0,0,Data Analyst
1,1,0,0,0,1,1,0,0,0,Data Analyst
1,1,0,0,0,1,1,0,0,0,Data Analyst
1,0,0,0,1,0,1,0,0,0,Data Analyst
1,1,0,0,1,1,1,0,0,0,Data Analyst
1,1,0,0,0,1,1,0,0,0,Data Analyst
1,1,0,0,1,1,1,0,0,0,Data Analyst
1,1,0,0,0,1,1,0,0,0,Data Analyst
1,1,0,0,1,1,1,0,0,0,Data Analyst
1,1,0,0,1,1,1,0,0,0,Data Analyst
1,1,0,0,1,1,1,0,0,0,Data Analyst
1,1,0,0,1,1,1,0,0,0,Data Analyst
1,1,0,0,1,1,1,0,0,0,Data Analyst
1,1,0,0,1,1,1,0,0,0,Data Analyst
1,1,0,0,1,1,1,0,0,0,Data Analyst
1,1,0,0,1,1,1,0,0,0,Data Analyst
1,1,0,0,0,0,1,0,0,0,Data Analyst
1,1,0,0,1,1,1,0,0,0,Data Analyst
1,1,0,0,1,1,1,0,0,0,Data Analyst
1,1,0,0,1,1,1,0,0,0,Data Analyst
1,1,0,0,0,1,1,0,0,0,Data Analyst
1,1,0,0,0,1,1,0,0,0,Data Analyst
1,1,0,0,0,1,1,0,0,0,Data Analyst
1,1,0,0,1,1,1,0,0,0,Data Analyst
1,1,0,0,1,1,1,0,0,0,Data Analyst
1,1,0,0,1,1,1,0,0,0,Data Analyst
1,1,0,0,1,1,1,0,0,0,Data Analyst
1,1,0,0,0,1,1,0,0,0,Data Analyst
1,1,0,0,1,1,1,0,0,0,Data Analyst
1,1,0,0,1,1,1,0,0,0,Data Analyst
1,1,0,0,1,1,1,0,0,0,Data Analyst
1,1,0,0,1,1,1,0,0,0,Data Analyst
1,1,0,0,1,1,1,0,0,0,Data Analyst
1,1,0,0,1,0,1,0,0,0,Data Analyst
1,1,0,0,1,1,1,0,0,0,Data Analyst
1,1,0,0,1,1,1,0,0,0,Data Analyst
1,1,0,0,1,1,1,0,0,0,Data Analyst
1,1,0,0,0,1,1,0,0,0,Data Analyst
1,1,0,0,0,1,1,0,0,0,Data Analyst
1,1,0,0,1,1,1,0,0,0,Data Analyst
1,1,0,0,1,1,1,0,0,0,Data Analyst
1,1,0,0,1,1,1,0,0,0,Data Analyst
1,1,0,0,0,0,0,0,0,0,Data Analyst
1,1,0,0,1,1,1,0,0,0,Data Analyst
1,1,0,0,1,0,1,0,0,0,Data Analyst
1,1,0,0,1,1,1,0,0,0,Data Analyst
1,1,0,0,1,1,1,0,0,0,Data Analyst
1,1,0,0,1,1,1,0,0,0,Data Analyst
1,1,0,0,1,1,1,0,0,0,Data Analyst
1,1,0,0,1,1,1,0,0,0,Data Analyst
1,1,0,0,0,1,1,0,0,0,Data Analyst
1,1,0,0,1,1,1,0,0,0,Data Analyst
1,1,0,0,1,0,1,0,0,0,Data Analyst
1,1,0,0,0,1,1,0,0,0,Data Analyst
1,1,0,0,1,1,1,0,0,0,Data Analyst
1,1,0,0,1,1,1,0,0,0,Data Analyst
1,1,0,0,1,1,1,0,0,0,Data Analyst
1,1,0,0,1,1,1,0,0,0,Data Analyst
1,1,0,0,1,1,1,0,0,0,Data Analyst
1,1,0,0,1,1,1,0,0,0,Data Analyst
1,1,0,0,0,1,1,0,0,0,Data Analyst
1,1,0,0,1,1,1,0,0,0,Data Analyst
1,1,0,0,1,1,1,0,0,0,Data Analyst
1,0,0,0,0,1,1,0,0,0,Data Analyst
1,1,0,0,1,1,1,0,0,0,Data Analyst
0,1,0,0,1,1,1,0,0,0,Data Analyst
1,1,0,0,1,1,1,0,0,0,Data Analyst
1,1,0,0,0,1,1,0,0,0,Data Analyst
1,1,0,0,1,1,1,0,0,0,Data Analyst
1,1,0,0,0,1,1,0,0,0,Data Analyst
1,1,0,0,1,1,1,0,0,0,Data Analyst
1,1,0,0,1,1,1,0,0,0,Data Analyst
1,1,0,0,1,1,1,0,0,0,Data Analyst
1,1,0,0,1,1,1,0,0,0,Data Analyst
1,1,0,0,0,1,1,0,0,0,Data Analyst
1,1,0,0,1,0,1,0,0,0,Data Analyst
1,1,0,0,0,1,1,0,0,0,Data Analyst
1,1,0,0,1,1,1,0,0,0,Data Analyst
1,1,0,0,1,1,1,0,0,0,Data Analyst
1,1,0,0,0,1,1,0,0,0,Data Analyst
1,1,0,0,1,1,1,0,0,0,Data Analyst
1,1,0,0,1,1,1,0,0,0,Data Analyst
1,1,0,0,1,1,1,0,0,0,Data Analyst
1,1,0,0,1,1,1,0,0,0,Data Analyst
1,1,0,0,1,1,1,0,0,0,Data Analyst
1,1,0,0,1,1,1,0,0,0,Data Analyst
1,1,0,0,1,1,1,0,0,0,Data Analyst
1,1,0,0,1,1,1,0,0,0,Data Analyst
1,1,0,0,1,1,1,0,0,0,Data Analyst
1,1,0,0,1,1,1,0,0,0,Data Analyst
1,0,0,0,0,1,1,0,0,0,Data Analyst
1,1,0,0,1,1,1,0,0,0,Data Analyst
1,1,0,0,0,1,1,0,0,0,Data Analyst
1,1,0,0,0,1,1,0,0,0,Data Analyst
1,1,0,0,1,1,1,0,0,0,Data Analyst
1,1,0,0,1,1,1,0,0,0,Data Analyst
1,1,0,0,1,1,1,0,0,0,Data Analyst
1,1,0,0,1,1,1,0,0,0,Data Analyst
1,1,0,0,1,1,1,0,0,0,Data Analyst
1,1,0,0,0,1,1,0,0,0,Data Analyst
1,1,0,0,1,1,1,0,0,0,Data Analyst
1,1,0,0,1,1,1,0,0,0,Data Analyst
1,1,0,0,0,1,1,0,0,0,Data Analyst
1,1,0,0,1,1,1,0,0,0,Data Analyst
1,1,0,0,1,0,1,0,0,0,Data Analyst
1,1,0,0,1,1,1,0,0,0,Data Analyst
1,1,0,0,1,0,1,0,0,0,Data Analyst
1,1,0,0,1,1,1,0,0,0,Data Analyst
1,1,0,0,1,1,1,0,0,0,Data Analyst
1,1,0,0,1,1,1,0,0,0,Data Analyst
1,1,0,0,1,1,1,0,0,0,Data Analyst
1,1,0,0,0,1,1,0,0,0,Data Analyst
1,1,0,0,0,1,1,0,0,0,Data Analyst
1,1,0,0,1,1,1,0,0,0,Data Analyst
1,1,0,0,1,1,1,0,0,0,Data Analyst
1,1,0,0,1,1,1,0,0,0,Data Analyst
1,1,0,0,1,0,1,0,0,0,Data Analyst
1,1,0,0,0,1,1,0,0,0,Data Analyst
1,1,0,0,1,1,1,0,0,0,Data Analyst
1,1,0,0,1,1,1,0,0,0,Data Analyst
1,1,0,0,1,1,1,0,0,0,Data Analyst
1,1,0,0,1,1,1,0,0,0,Data Analyst
1,1,0,0,0,1,1,0,0,0,Data Analyst
1,1,0,0,1,1,1,0,0,0,Data Analyst
1,1,0,0,1,0,1,0,0,0,Data Analyst
1,1,0,0,1,1,1,0,0,0,Data Analyst
1,1,0,0,1,1,1,0,0,0,Data Analyst
1,1,0,0,0,1,1,0,0,0,Data Analyst
1,1,0,0,1,1,1,0,0,0,Data Analyst
1,1,0,0,1,0,1,0,0,0,Data Analyst
1,1,0,0,1,1,0,0,0,0,Data Analyst
1,1,0,0,1,1,1,0,0,0,Data Analyst
1,1,0,0,1,0,1,0,0,0,Data Analyst
1,1,0,0,1,1,1,0,0,0,Data Analyst
1,1,0,0,1,1,1,0,0,0,Data Analyst
1,1,0,0,0,0,1,0,0,0,Data Analyst
1,1,0,0,1,1,1,0,0,0,Data Analyst
1,1,0,0,0,1,1,0,0,0,Data Analyst
1,1,0,0,0,1,1,0,0,0,Data Analyst
1,1,0,0,1,1,1,0,0,0,Data Analyst
1,1,0,0,1,1,1,0,0,0,Data Analyst
1,1,0,0,1,1,1,0,0,0,Data Analyst
1,1,0,0,1,1,1,0,0,0,Data Analyst
1,1,0,0,1,1,1,0,0,0,Data Analyst
1,1,0,0,1,1,1,0,0,0,Data Analyst
1,1,0,0,1,1,1,0,0,0,Data Analyst
1,1,0,0,1,1,1,0,0,0,Data Analyst
1,1,0,0,1,1,1,0,0,0,Data Analyst
1,1,0,0,1,1,1,0,0,0,Data Analyst
1,1,0,0,1,1,1,0,0,0,Data Analyst
1,1,0,0,1,1,1,0,0,0,Data Analyst
1,1,0,0,1,1,1,0,0,0,Data Analyst
1,1,0,0,1,1,1,0,0,0,Data Analyst
1,1,0,0,1,1,1,0,0,0,Data Analyst
1,1,0,0,0,0,1,0,0,0,Data Analyst
0,1,0,0,1,1,0,0,0,0,Business Analyst
0,1,0,0,1,1,0,0,0,0,Business Analyst
0,1,0,0,1,1,1,0,0,0,Business Analyst
0,1,0,0,0,1,1,0,0,0,Business Analyst
0,1,0,0,1,1,1,0,0,0,Business Analyst
0,1,0,0,1,1,1,0,0,0,Business Analyst
0,1,0,0,1,1,1,0,0,0,Business Analyst
0,1,0,0,1,1,1,0,0,0,Business Analyst
0,1,0,0,1,1,1,0,0,0,Business Analyst
0,1,0,0,1,1,1,0,0,0,Business Analyst
0,1,0,0,1,1,1,0,0,0,Business Analyst
0,1,0,0,1,1,1,0,0,0,Business Analyst
0,1,0,0,1,1,1,0,0,0,Business Analyst
0,0,0,0,1,1,1,0,0,0,Business Analyst
0,1,0,0,1,1,1,0,0,0,Business Analyst
0,1,0,0,1,1,0,0,0,0,Business Analyst
0,1,0,0,1,1,1,0,0,0,Business Analyst
0,1,0,0,1,1,1,0,0,0,Business Analyst
0,1,0,0,1,1,1,0,0,0,Business Analyst
0,1,0,0,1,1,1,0,0,0,Business Analyst
0,1,0,0,1,1,1,0,0,0,Business Analyst
0,1,0,0,1,1,1,0,0,0,Business Analyst
0,1,0,0,1,1,1,0,0,0,Business Analyst
0,1,0,0,1,1,1,0,0,0,Business Analyst
0,1,0,0,1,1,1,0,0,0,Business Analyst
0,1,0,0,1,1,1,0,0,0,Business Analyst
0,1,0,0,1,1,1,0,0,0,Business Analyst
0,1,0,0,1,1,0,0,0,0,Business Analyst
0,1,0,0,1,1,1,0,0,0,Business Analyst
0,1,0,0,1,1,1,0,0,0,Business Analyst
0,1,0,0,1,1,1,0,0,0,Business Analyst
0,1,0,0,1,1,1,0,0,0,Business Analyst
0,1,0,0,1,1,1,0,0,0,Business Analyst
0,1,0,0,1,1,1,0,0,0,Business Analyst
0,1,0,0,0,1,1,0,0,0,Business Analyst
0,1,0,0,1,1,1,0,0,0,Business Analyst
0,1,0,0,1,1,1,0,0,0,Business Analyst
0,1,0,0,1,1,1,0,0,0,Business Analyst
0,1,0,0,1,1,1,0,0,0,Business Analyst
0,1,0,0,1,1,1,0,0,0,Business Analyst
0,1,0,0,0,1,1,0,0,0,Business Analyst
0,1,0,0,1,1,1,0,0,0,Business Analyst
0,1,0,0,1,1,1,0,0,0,Business Analyst
0,1,0,0,1,1,1,0,0,0,Business Analyst
0,1,0,0,1,1,1,0,0,0,Business Analyst
0,1,0,0,1,1,0,0,0,0,Business Analyst
0,1,0,0,1,1,1,0,0,0,Business Analyst
0,1,0,0,0,1,1,0,0,0,Business Analyst
0,1,0,0,1,1,1,0,0,0,Business Analyst
0,1,0,0,1,1,1,0,0,0,Business Analyst
0,1,0,0,1,1,1,0,0,0,Business Analyst
0,1,0,0,1,1,1,0,0,0,Business Analyst
0,1,0,0,1,0,1,0,0,0,Business Analyst
0,1,0,0,1,1,1,0,0,0,Business Analyst
0,1,0,0,1,1,1,0,0,0,Business Analyst
0,1,0,0,1,1,1,0,0,0,Business Analyst
0,1,0,0,1,1,1,0,0,0,Business Analyst
0,1,0,0,1,1,1,0,0,0,Business Analyst
0,1,0,0,1,1,1,0,0,0,Business Analyst
0,1,0,0,0,1,1,0,0,0,Business Analyst
0,1,0,0,1,1,1,0,0,0,Business Analyst
0,1,0,0,1,1,1,0,0,0,Business Analyst
0,1,0,0,1,1,1,0,0,0,Business Analyst
0,1,0,0,1,1,1,0,0,0,Business Analyst
0,1,0,0,1,1,1,0,0,0,Business Analyst
0,1,0,0,1,1,1,0,0,0,Business Analyst
0,1,0,0,1,1,0,0,0,0,Business Analyst
0,1,0,0,0,1,1,0,0,0,Business Analyst
0,1,0,0,1,1,1,0,0,0,Business Analyst
0,1,0,0,1,1,1,0,0,0,Business Analyst
0,1,0,0,1,1,1,0,0,0,Business Analyst
0,1,0,0,0,1,0,0,0,0,Business Analyst
0,1,0,0,1,1,1,0,0,0,Business Analyst
0,1,0,0,1,1,1,0,0,0,Business Analyst
0,1,0,0,1,1,1,0,0,0,Business Analyst
0,1,0,0,1,1,1,0,0,0,Business Analyst
0,1,0,0,1,1,0,0,0,0,Business Analyst
0,1,0,0,1,1,1,0,0,0,Business Analyst
0,1,0,0,1,1,1,0,0,0,Business Analyst
0,1,0,0,1,1,0,0,0,0,Business Analyst
0,1,0,0,1,1,1,0,0,0,Business Analyst
0,0,0,0,1,1,1,0,0,0,Business Analyst
0,1,0,0,0,1,1,0,0,0,Business Analyst
0,1,0,0,1,1,1,0,0,0,Business Analyst
0,1,0,0,0,1,1,0,0,0,Business Analyst
0,1,0,0,1,1,1,0,0,0,Business Analyst
0,1,0,0,1,0,1,0,0,0,Business Analyst
0,1,0,0,1,1,0,0,0,0,Business Analyst
0,1,0,0,1,1,1,0,0,0,Business Analyst
0,0,0,0,1,1,1,0,0,0,Business Analyst
0,1,0,0,1,1,1,0,0,0,Business Analyst
0,1,0,0,1,1,1,0,0,0,Business Analyst
0,1,0,0,0,1,1,0,0,0,Business Analyst
0,1,0,0,1,1,0,0,0,0,Business Analyst
0,1,0,0,1,1,1,0,0,0,Business Analyst
0,1,0,0,1,1,0,0,0,0,Business Analyst
0,1,0,0,1,1,1,0,0,0,Business Analyst
0,1,0,0,0,1,1,0,0,0,Business Analyst
0,1,0,0,1,1,1,0,0,0,Business Analyst
0,1,0,0,1,1,1,0,0,0,Business Analyst
0,1,0,0,1,1,0,0,0,0,Business Analyst
0,1,0,0,1,1,1,0,0,0,Business Analyst
0,0,0,0,1,1,1,0,0,0,Business Analyst
0,1,0,0,1,0,1,0,0,0,Business Analyst
0,1,0,0,1,1,1,0,0,0,Business Analyst
0,1,0,0,1,1,1,0,0,0,Business Analyst
0,1,0,0,1,1,1,0,0,0,Business Analyst
0,1,0,0,1,1,1,0,0,0,Business Analyst
0,1,0,0,1,1,1,0,0,0,Business Analyst
0,1,0,0,0,1,1,0,0,0,Business Analyst
0,1,0,0,1,1,1,0,0,0,Business Analyst
0,1,0,0,1,1,1,0,0,0,Business Analyst
0,1,0,0,1,1,1,0,0,0,Business Analyst
0,1,0,0,1,1,1,0,0,0,Business Analyst
0,1,0,0,1,1,1,0,0,0,Business Analyst
0,1,0,0,1,1,1,0,0,0,Business Analyst
0,1,0,0,1,1,1,0,0,0,Business Analyst
0,1,0,0,1,1,1,0,0,0,Business Analyst
0,1,0,0,1,1,1,0,0,0,Business Analyst
0,1,0,0,1,1,0,0,0,0,Business Analyst
0,1,0,0,1,1,1,0,0,0,Business Analyst
0,1,0,0,1,1,1,0,0,0,Business Analyst
0,0,0,0,1,1,1,0,0,0,Business Analyst
0,1,0,0,1,1,1,0,0,0,Business Analyst
0,0,0,0,1,1,1,0,0,0,Business Analyst
0,1,0,0,1,1,1,0,0,0,Business Analyst
0,1,0,0,1,1,1,0,0,0,Business Analyst
0,1,0,0,1,1,1,0,0,0,Business Analyst
0,1,0,0,1,1,1,0,0,0,Business Analyst
0,1,0,0,1,0,0,0,0,0,Business Analyst
0,1,0,0,1,1,0,0,0,0,Business Analyst
0,1,0,0,1,1,1,0,0,0,Business Analyst
0,1,0,0,1,1,0,0,0,0,Business Analyst
0,1,0,0,1,1,1,0,0,0,Business Analyst
0,1,0,0,1,1,1,0,0,0,Business Analyst
0,1,0,0,1,1,1,0,0,0,Business Analyst
0,1,0,0,1,1,1,0,0,0,Business Analyst
0,0,0,0,1,1,0,0,0,0,Business Analyst
0,1,0,0,1,1,1,0,0,0,Business Analyst
0,1,0,0,1,1,1,0,0,0,Business Analyst
0,1,0,0,1,1,1,0,0,0,Business Analyst
0,1,0,0,1,1,1,0,0,0,Business Analyst
0,1,0,0,1,1,1,0,0,0,Business Analyst
0,1,0,0,1,0,1,0,0,0,Business Analyst
0,1,0,0,1,1,1,0,0,0,Business Analyst
0,1,0,0,1,1,1,0,0,0,Business Analyst
0,1,0,0,1,0,0,0,0,0,Business Analyst
0,1,0,0,1,1,1,0,0,0,Business Analyst
0,1,0,0,1,1,1,0,0,0,Business Analyst
0,1,0,0,1,1,1,0,0,0,Business Analyst
0,1,0,0,1,1,1,0,0,0,Business Analyst
0,1,0,0,1,1,0,0,0,0,Business Analyst
0,1,0,0,1,1,1,0,0,0,Business Analyst
0,1,0,0,1,1,1,0,0,0,Business Analyst
0,1,0,0,1,1,1,0,0,0,Business Analyst
0,1,0,0,1,1,1,0,0,0,Business Analyst
0,0,0,0,1,0,1,0,0,0,Business Analyst
0,1,0,0,0,1,1,0,0,0,Business Analyst
0,1,0,0,1,1,1,0,0,0,Business Analyst
0,1,0,0,1,1,1,0,0,0,Business Analyst
0,1,0,0,0,1,1,0,0,0,Business Analyst
0,1,0,0,1,1,1,0,0,0,Business Analyst
0,1,0,0,1,1,0,0,0,0,Business Analyst
0,1,0,0,1,1,1,0,0,0,Business Analyst
0,1,0,0,0,1,1,0,0,0,Business Analyst
0,1,0,0,1,1,1,0,0,0,Business Analyst
0,1,0,0,1,1,1,0,0,0,Business Analyst
0,1,0,0,1,1,1,0,0,0,Business Analyst
0,1,0,0,1,1,1,0,0,0,Business Analyst
0,1,0,0,1,1,1,0,0,0,Business Analyst
0,1,0,0,0,1,1,0,0,0,Business Analyst
0,1,0,0,1,1,1,0,0,0,Business Analyst
0,1,0,0,0,1,1,0,0,0,Business Analyst
0,1,0,0,0,1,1,0,0,0,Business Analyst
0,1,0,0,1,1,1,0,0,0,Business Analyst
0,1,0,0,1,1,1,0,0,0,Business Analyst
0,1,0,0,1,1,1,0,0,0,Business Analyst
0,0,0,0,1,1,1,0,0,0,Business Analyst
0,1,0,0,1,1,1,0,0,0,Business Analyst
0,1,0,0,1,1,1,0,0,0,Business Analyst
0,1,0,0,1,1,1,0,0,0,Business Analyst
0,1,0,0,1,1,0,0,0,0,Business Analyst
0,1,0,0,1,1,1,0,0,0,Business Analyst
0,1,0,0,1,1,1,0,0,0,Business Analyst
0,1,0,0,1,1,1,0,0,0,Business Analyst
0,1,0,0,1,1,1,0,0,0,Business Analyst
0,1,0,0,1,1,1,0,0,0,Business Analyst
0,1,0,0,1,1,1,0,0,0,Business Analyst
0,1,0,0,1,0,1,0,0,0,Business Analyst
0,1,0,0,1,1,1,0,0,0,Business Analyst
0,1,0,0,1,1,1,0,0,0,Business Analyst
0,0,0,0,1,1,0,0,0,0,Business Analyst
0,1,0,0,1,1,1,0,0,0,Business Analyst
0,1,0,0,1,1,1,0,0,0,Business Analyst
0,1,0,0,0,1,1,0,0,0,Business Analyst
0,1,0,0,1,1,1,0,0,0,Business Analyst
0,1,0,0,1,1,0,0,0,0,Business Analyst
0,1,0,0,1,1,1,0,0,0,Business Analyst
0,1,0,0,1,1,1,0,0,0,Business Analyst
0,1,0,0,1,1,1,0,0,0,Business Analyst
1,1,1,1,0,0,1,0,0,1,Data Scientist
1,1,1,1,0,0,1,0,0,1,Data Scientist
1,1,1,1,0,0,1,0,0,1,Data Scientist
1,1,1,1,0,0,1,0,0,1,Data Scientist
1,1,1,1,0,0,1,0,0,1,Data Scientist
1,1,1,1,0,0,1,0,0,1,Data Scientist
1,1,1,1,0,0,1,0,0,1,Data Scientist
1,1,1,1,0,0,1,0,0,1,Data Scientist
1,1,1,1,0,0,1,0,0,1,Data Scientist
1,1,1,1,0,0,1,0,0,1,Data Scientist
1,1,1,1,0,0,1,0,0,1,Data Scientist
1,1,0,1,0,0,1,0,0,1,Data Scientist
1,1,1,1,0,0,1,0,0,1,Data Scientist
1,1,0,1,0,0,1,0,0,1,Data Scientist
1,1,1,1,0,0,1,0,0,1,Data Scientist
1,1,1,1,0,0,1,0,0,1,Data Scientist
1,1,1,1,0,0,1,0,0,1,Data Scientist
1,1,1,1,0,0,1,0,0,1,Data Scientist
1,1,1,1,0,0,1,0,0,1,Data Scientist
1,1,0,1,0,0,1,0,0,1,Data Scientist
1,1,1,1,0,0,1,0,0,1,Data Scientist
1,1,1,1,0,0,1,0,0,1,Data Scientist
1,1,1,1,0,0,1,0,0,1,Data Scientist
1,1,1,1,0,0,1,0,0,1,Data Scientist
1,1,1,1,0,0,1,0,0,1,Data Scientist
1,1,1,1,0,0,1,0,0,1,Data Scientist
1,1,1,0,0,0,1,0,0,1,Data Scientist
1,1,1,1,0,0,1,0,0,1,Data Scientist
1,1,0,1,0,0,1,0,0,1,Data Scientist
1,1,1,1,0,0,1,0,0,1,Data Scientist
0,1,1,1,0,0,1,0,0,1,Data Scientist
1,1,1,1,0,0,1,0,0,1,Data Scientist
1,1,1,1,0,0,1,0,0,1,Data Scientist
1,1,1,1,0,0,1,0,0,1,Data Scientist
1,1,1,0,0,0,1,0,0,1,Data Scientist
1,1,1,1,0,0,1,0,0,1,Data Scientist
1,1,1,1,0,0,1,0,0,1,Data Scientist
1,1,1,1,0,0,1,0,0,1,Data Scientist
1,0,1,1,0,0,0,0,0,1,Data Scientist
1,1,1,1,0,0,1,0,0,1,Data Scientist
1,1,1,1,0,0,1,0,0,1,Data Scientist
1,1,1,1,0,0,1,0,0,1,Data Scientist
1,1,0,1,0,0,1,0,0,1,Data Scientist
1,1,1,1,0,0,1,0,0,1,Data Scientist
1,1,1,1,0,0,1,0,0,1,Data Scientist
1,1,0,1,0,0,1,0,0,1,Data Scientist
1,1,1,1,0,0,1,0,0,1,Data Scientist
1,1,0,1,0,0,1,0,0,1,Data Scientist
1,1,1,1,0,0,1,0,0,1,Data Scientist
1,1,1,1,0,0,1,0,0,1,Data Scientist
1,1,1,1,0,0,1,0,0,1,Data Scientist
1,1,1,1,0,0,1,0,0,1,Data Scientist
1,1,1,1,0,0,1,0,0,0,Data Scientist
1,1,1,1,0,0,1,0,0,1,Data Scientist
1,1,1,1,0,0,1,0,0,1,Data Scientist
1,1,1,1,0,0,1,0,0,1,Data Scientist
1,1,1,1,0,0,1,0,0,1,Data Scientist
1,1,1,1,0,0,1,0,0,1,Data Scientist
1,1,1,1,0,0,1,0,0,1,Data Scientist
1,1,1,1,0,0,1,0,0,1,Data Scientist
1,1,1,1,0,0,1,0,0,1,Data Scientist
1,1,1,1,0,0,1,0,0,1,Data Scientist
1,1,1,1,0,0,1,0,0,1,Data Scientist
1,1,1,1,0,0,1,0,0,1,Data Scientist
1,1,1,1,0,0,1,0,0,1,Data Scientist
1,1,0,1,0,0,1,0,0,1,Data Scientist
1,1,1,1,0,0,1,0,0,1,Data Scientist
1,1,1,0,0,0,1,0,0,1,Data Scientist
1,1,1,1,0,0,1,0,0,1,Data Scientist
1,1,1,1,0,0,1,0,0,1,Data Scientist
1,1,1,1,0,0,1,0,0,1,Data Scientist
1,1,1,1,0,0,1,0,0,1,Data Scientist
1,1,1,1,0,0,1,0,0,1,Data Scientist
1,1,0,1,0,0,1,0,0,1,Data Scientist
1,1,1,1,0,0,1,0,0,1,Data Scientist
1,1,1,1,0,0,1,0,0,1,Data Scientist
1,1,1,1,0,0,1,0,0,1,Data Scientist
1,1,1,1,0,0,1,0,0,1,Data Scientist
1,1,1,1,0,0,1,0,0,1,Data Scientist
1,1,1,1,0,0,1,0,0,1,Data Scientist
1,1,1,1,0,0,1,0,0,1,Data Scientist
1,1,1,1,0,0,1,0,0,1,Data Scientist
1,1,1,1,0,0,1,0,0,1,Data Scientist
1,1,1,1,0,0,1,0,0,1,Data Scientist
1,1,1,1,0,0,1,0,0,1,Data Scientist
1,1,1,1,0,0,1,0,0,1,Data Scientist
1,1,1,1,0,0,1,0,0,1,Data Scientist
1,1,0,1,0,0,1,0,0,1,Data Scientist
1,1,1,1,0,0,1,0,0,1,Data Scientist
1,1,1,1,0,0,1,0,0,1,Data Scientist
1,1,1,1,0,0,1,0,0,1,Data Scientist
1,1,0,1,0,0,1,0,0,1,Data Scientist
1,1,0,1,0,0,1,0,0,1,Data Scientist
1,1,1,1,0,0,1,0,0,1,Data Scientist
1,1,1,1,0,0,1,0,0,1,Data Scientist
1,1,0,1,0,0,1,0,0,1,Data Scientist
1,1,1,1,0,0,1,0,0,1,Data Scientist
1,1,1,1,0,0,1,0,0,1,Data Scientist
1,1,1,1,0,0,1,0,0,1,Data Scientist
1,1,0,1,0,0,1,0,0,1,Data Scientist
1,1,1,0,0,0,1,0,0,0,Data Scientist
1,1,0,1,0,0,1,0,0,1,Data Scientist
1,1,1,1,0,0,1,0,0,1,Data Scientist
1,1,1,1,0,0,1,0,0,1,Data Scientist
1,1,1,1,0,0,1,0,0,1,Data Scientist
1,1,1,1,0,0,1,0,0,1,Data Scientist
1,1,1,1,0,0,1,0,0,1,Data Scientist
1,1,0,1,0,0,1,0,0,1,Data Scientist
1,1,1,1,0,0,1,0,0,1,Data Scientist
1,1,1,1,0,0,1,0,0,1,Data Scientist
1,1,0,1,0,0,1,0,0,1,Data Scientist
1,1,1,1,0,0,1,0,0,1,Data Scientist
1,1,1,1,0,0,1,0,0,1,Data Scientist
1,1,1,1,0,0,0,0,0,1,Data Scientist
1,1,1,1,0,0,1,0,0,1,Data Scientist
1,1,1,1,0,0,1,0,0,1,Data Scientist
1,1,1,1,0,0,1,0,0,1,Data Scientist
1,1,1,1,0,0,1,0,0,1,Data Scientist
1,1,1,1,0,0,1,0,0,1,Data Scientist
1,1,1,1,0,0,1,0,0,1,Data Scientist
1,1,1,1,0,0,1,0,0,1,Data Scientist
1,1,1,1,0,0,1,0,0,1,Data Scientist
1,1,1,1,0,0,1,0,0,1,Data Scientist
1,1,1,1,0,0,1,0,0,1,Data Scientist
1,1,1,1,0,0,1,0,0,1,Data Scientist
1,1,1,1,0,0,1,0,0,1,Data Scientist
1,1,1,1,0,0,1,0,0,1,Data Scientist
1,1,1,1,0,0,1,0,0,1,Data Scientist
1,1,1,1,0,0,1,0,0,1,Data Scientist
1,1,1,1,0,0,1,0,0,1,Data Scientist
1,1,1,1,0,0,1,0,0,1,Data Scientist
1,1,1,1,0,0,1,0,0,1,Data Scientist
1,1,1,1,0,0,1,0,0,1,Data Scientist
1,1,0,1,0,0,1,0,0,1,Data Scientist
1,1,0,1,0,0,1,0,0,1,Data Scientist
1,1,1,1,0,0,1,0,0,1,Data Scientist
1,1,1,1,0,0,1,0,0,1,Data Scientist
1,1,1,1,0,0,1,0,0,1,Data Scientist
1,1,1,1,0,0,1,0,0,1,Data Scientist
1,1,1,1,0,0,1,0,0,1,Data Scientist
1,1,1,1,0,0,1,0,0,1,Data Scientist
1,1,1,1,0,0,1,0,0,1,Data Scientist
1,1,1,1,0,0,1,0,0,1,Data Scientist
1,1,1,1,0,0,1,0,0,0,Data Scientist
1,1,1,1,0,0,1,0,0,1,Data Scientist
1,1,1,1,0,0,1,0,0,1,Data Scientist
1,1,1,1,0,0,1,0,0,1,Data Scientist
1,1,1,1,0,0,1,0,0,1,Data Scientist
1,1,1,1,0,0,1,0,0,1,Data Scientist
1,1,1,1,0,0,1,0,0,1,Data Scientist
1,1,1,1,0,0,1,0,0,1,Data Scientist
1,1,1,1,0,0,1,0,0,1,Data Scientist
1,1,1,1,0,0,0,0,0,1,Data Scientist
1,1,1,1,0,0,1,0,0,1,Data Scientist
1,1,1,0,0,0,1,0,0,1,Data Scientist
1,1,1,1,0,0,1,0,0,1,Data Scientist
1,1,1,1,0,0,1,0,0,1,Data Scientist
1,1,1,1,0,0,1,0,0,1,Data Scientist
1,1,1,1,0,0,1,0,0,1,Data Scientist
1,1,1,1,0,0,1,0,0,1,Data Scientist
1,1,1,1,0,0,1,0,0,1,Data Scientist
1,1,1,1,0,0,1,0,0,1,Data Scientist
1,1,0,1,0,0,1,0,0,1,Data Scientist
1,1,1,1,0,0,1,0,0,1,Data Scientist
1,1,1,1,0,0,1,0,0,1,Data Scientist
1,1,1,1,0,0,1,0,0,1,Data Scientist
1,1,1,1,0,0,1,0,0,1,Data Scientist
1,1,1,1,0,0,1,0,0,1,Data Scientist
1,1,1,1,0,0,1,0,0,1,Data Scientist
1,1,1,1,0,0,1,0,0,1,Data Scientist
1,1,1,1,0,0,1,0,0,1,Data Scientist
1,1,0,1,0,0,1,0,0,1,Data Scientist
1,1,1,1,0,0,1,0,0,1,Data Scientist
1,1,1,1,0,0,1,0,0,1,Data Scientist
1,1,1,1,0,0,1,0,0,1,Data Scientist
1,1,1,1,0,0,1,0,0,1,Data Scientist
1,1,1,1,0,0,1,0,0,1,Data Scientist
1,1,1,1,0,0,1,0,0,1,Data Scientist
1,1,1,1,0,0,1,0,0,1,Data Scientist
1,1,1,1,0,0,1,0,0,1,Data Scientist
1,1,1,1,0,0,1,0,0,1,Data Scientist
1,1,1,1,0,0,1,0,0,1,Data Scientist
1,1,1,1,0,0,1,0,0,1,Data Scientist
1,1,1,1,0,0,1,0,0,1,Data Scientist
1,1,1,1,0,0,1,0,0,1,Data Scientist
1,1,1,1,0,0,1,0,0,1,Data Scientist
1,1,1,1,0,0,1,0,0,1,Data Scientist
1,1,1,1,0,0,1,0,0,1,Data Scientist
1,1,1,1,0,0,1,0,0,1,Data Scientist
1,1,1,1,0,0,1,0,0,1,Data Scientist
1,1,1,1,0,0,1,0,0,1,Data Scientist
1,0,1,1,0,0,1,0,0,1,Data Scientist
1,1,1,1,0,0,1,0,0,1,Data Scientist
1,1,1,1,0,0,1,0,0,1,Data Scientist
1,1,0,1,0,0,1,0,0,1,Data Scientist
1,1,1,1,0,0,1,0,0,1,Data Scientist
1,1,1,1,0,0,1,0,0,1,Data Scientist
1,1,1,1,0,0,1,0,0,1,Data Scientist
1,1,1,1,0,0,1,0,0,1,Data Scientist
1,1,1,1,0,0,1,0,0,1,Data Scientist
1,1,1,1,0,0,1,1,0,1,ML Engineer
1,1,1,1,0,0,1,1,0,1,ML Engineer
1,1,1,1,0,0,1,1,0,1,ML Engineer
1,1,0,1,0,0,1,1,0,1,ML Engineer
0,1,0,1,0,0,1,1,0,1,ML Engineer
1,1,1,1,0,0,1,1,0,1,ML Engineer
1,1,1,0,0,0,1,1,0,1,ML Engineer
1,1,1,1,0,0,1,1,0,1,ML Engineer
1,0,1,1,0,0,1,0,0,1,ML Engineer
1,1,1,1,0,0,1,1,0,1,ML Engineer
1,0,1,1,0,0,1,1,0,1,ML Engineer
1,0,1,1,0,0,1,1,0,1,ML Engineer
1,1,1,1,0,0,1,1,0,1,ML Engineer
1,1,0,1,0,0,1,1,0,1,ML Engineer
1,1,1,0,0,0,1,0,0,1,ML Engineer
1,1,0,0,0,0,0,1,0,1,ML Engineer
1,1,1,1,0,0,1,1,0,1,ML Engineer
1,1,1,1,0,0,1,1,0,1,ML Engineer
1,1,1,1,0,0,1,1,0,1,ML Engineer
1,1,1,1,0,0,1,1,0,1,ML Engineer
1,1,1,0,0,0,1,0,0,1,ML Engineer
1,1,1,1,0,0,1,1,0,1,ML Engineer
1,1,1,1,0,0,1,1,0,1,ML Engineer
1,1,1,1,0,0,1,1,0,1,ML Engineer
1,1,1,1,0,0,1,1,0,1,ML Engineer
1,1,1,1,0,0,1,0,0,1,ML Engineer
1,1,1,1,0,0,1,1,0,1,ML Engineer
1,1,1,1,0,0,1,1,0,1,ML Engineer
1,1,1,0,0,0,1,1,0,1,ML Engineer
1,1,1,1,0,0,1,1,0,1,ML Engineer
1,1,1,1,0,0,1,1,0,1,ML Engineer
1,1,1,1,0,0,1,1,0,1,ML Engineer
1,1,1,1,0,0,1,0,0,1,ML Engineer
1,1,0,1,0,0,1,0,0,1,ML Engineer
1,1,1,1,0,0,1,0,0,1,ML Engineer
1,1,1,1,0,0,1,1,0,1,ML Engineer
1,1,1,1,0,0,1,1,0,1,ML Engineer
1,1,1,1,0,0,1,1,0,1,ML Engineer
1,1,1,1,0,0,1,1,0,1,ML Engineer
1,1,1,1,0,0,1,1,0,1,ML Engineer
1,1,1,1,0,0,1,1,0,1,ML Engineer
1,1,0,1,0,0,1,1,0,1,ML Engineer
1,1,1,1,0,0,1,1,0,1,ML Engineer
1,0,1,1,0,0,1,1,0,1,ML Engineer
1,1,1,1,0,0,1,1,0,1,ML Engineer
1,1,0,1,0,0,1,1,0,1,ML Engineer
1,1,1,1,0,0,1,1,0,1,ML Engineer
1,1,1,1,0,0,0,1,0,1,ML Engineer
1,0,1,1,0,0,1,1,0,1,ML Engineer
1,0,1,1,0,0,1,1,0,1,ML Engineer
1,1,1,1,0,0,1,1,0,1,ML Engineer
1,1,1,1,0,0,1,1,0,1,ML Engineer
1,1,1,1,0,0,1,1,0,1,ML Engineer
1,1,1,1,0,0,1,1,0,1,ML Engineer
1,1,1,1,0,0,1,1,0,1,ML Engineer
1,0,1,1,0,0,1,1,0,1,ML Engineer
1,1,1,1,0,0,1,1,0,1,ML Engineer
1,1,1,1,0,0,1,1,0,1,ML Engineer
1,1,1,1,0,0,1,1,0,1,ML Engineer
1,1,1,1,0,0,1,1,0,1,ML Engineer
1,0,1,1,0,0,1,1,0,1,ML Engineer
1,1,1,1,0,0,1,1,0,1,ML Engineer
0,0,1,1,0,0,1,1,0,1,ML Engineer
1,1,1,1,0,0,1,1,0,1,ML Engineer
1,1,1,1,0,0,1,1,0,1,ML Engineer
1,1,1,1,0,0,1,1,0,1,ML Engineer
1,1,1,1,0,0,1,1,0,1,ML Engineer
1,1,1,1,0,0,1,1,0,1,ML Engineer
1,1,1,1,0,0,1,1,0,1,ML Engineer
1,0,1,1,0,0,1,1,0,1,ML Engineer
1,1,1,1,0,0,1,1,0,1,ML Engineer
1,1,1,1,0,0,1,1,0,1,ML Engineer
1,0,1,0,0,0,1,1,0,1,ML Engineer
1,1,1,1,0,0,1,0,0,1,ML Engineer
1,1,1,1,0,0,1,1,0,0,ML Engineer
1,1,1,1,0,0,1,1,0,1,ML Engineer
0,1,1,1,0,0,1,1,0,1,ML Engineer
1,1,1,1,0,0,1,1,0,1,ML Engineer
1,1,1,1,0,0,1,1,0,1,ML Engineer
1,1,1,1,0,0,1,1,0,1,ML Engineer
1,0,1,1,0,0,1,1,0,1,ML Engineer
1,1,1,1,0,0,1,0,0,1,ML Engineer
1,1,0,1,0,0,1,1,0,1,ML Engineer
1,1,1,1,0,0,1,0,0,1,ML Engineer
1,0,1,1,0,0,1,1,0,1,ML Engineer
1,1,0,1,0,0,1,1,0,1,ML Engineer
1,1,1,1,0,0,1,1,0,1,ML Engineer
1,1,1,1,0,0,1,1,0,1,ML Engineer
1,1,1,1,0,0,1,1,0,1,ML Engineer
1,1,1,1,0,0,0,0,0,1,ML Engineer
1,1,1,1,0,0,1,0,0,1,ML Engineer
1,1,1,0,0,0,1,1,0,1,ML Engineer
1,1,1,1,0,0,1,1,0,1,ML Engineer
1,1,0,1,0,0,1,1,0,1,ML Engineer
1,1,1,1,0,0,1,1,0,1,ML Engineer
1,1,1,1,0,0,1,1,0,1,ML Engineer
1,1,0,1,0,0,1,1,0,1,ML Engineer
1,1,1,1,0,0,1,1,0,1,ML Engineer
1,1,1,1,0,0,1,1,0,1,ML Engineer
1,0,1,1,0,0,1,1,0,1,ML Engineer
1,1,1,1,0,0,1,1,0,1,ML Engineer
1,1,1,1,0,0,1,0,0,1,ML Engineer
1,1,1,1,0,0,1,1,0,1,ML Engineer
1,0,1,1,0,0,1,1,0,1,ML Engineer
1,1,1,1,0,0,1,1,0,1,ML Engineer
1,1,1,1,0,0,1,1,0,1,ML Engineer
1,1,0,1,0,0,1,1,0,1,ML Engineer
1,1,1,1,0,0,1,1,0,1,ML Engineer
1,1,1,1,0,0,1,1,0,1,ML Engineer
1,0,1,1,0,0,1,1,0,1,ML Engineer
1,1,1,1,0,0,1,1,0,1,ML Engineer
1,1,1,1,0,0,1,0,0,1,ML Engineer
1,1,1,1,0,0,1,1,0,1,ML Engineer
1,1,1,1,0,0,1,1,0,1,ML Engineer
1,1,1,1,0,0,1,1,0,1,ML Engineer
1,1,1,1,0,0,1,1,0,1,ML Engineer
1,1,1,1,0,0,1,1,0,1,ML Engineer
1,0,1,0,0,0,0,1,0,1,ML Engineer
1,1,1,1,0,0,1,1,0,1,ML Engineer
1,0,1,1,0,0,1,1,0,1,ML Engineer
1,1,0,1,0,0,1,1,0,1,ML Engineer
1,1,1,1,0,0,1,1,0,1,ML Engineer
1,1,1,1,0,0,0,1,0,1,ML Engineer
1,1,0,1,0,0,0,1,0,1,ML Engineer
1,1,1,1,0,0,1,1,0,1,ML Engineer
1,1,1,1,0,0,1,1,0,1,ML Engineer
1,1,1,1,0,0,1,0,0,1,ML Engineer
1,1,0,1,0,0,1,1,0,1,ML Engineer
1,1,1,1,0,0,1,1,0,1,ML Engineer
1,1,1,1,0,0,1,0,0,1,ML Engineer
1,1,0,1,0,0,1,1,0,1,ML Engineer
1,1,1,1,0,0,1,1,0,1,ML Engineer
1,0,1,1,0,0,1,1,0,1,ML Engineer
1,1,1,1,0,0,1,1,0,1,ML Engineer
1,1,1,1,0,0,1,1,0,1,ML Engineer
1,1,1,1,0,0,1,1,0,1,ML Engineer
1,1,0,1,0,0,1,1,0,0,ML Engineer
1,0,1,1,0,0,1,1,0,1,ML Engineer
1,1,1,1,0,0,1,1,0,1,ML Engineer
1,1,1,1,0,0,1,1,0,1,ML Engineer
1,1,1,1,0,0,1,1,0,1,ML Engineer
1,1,1,1,0,0,1,1,0,1,ML Engineer
1,1,1,1,0,0,1,1,0,1,ML Engineer
1,1,1,0,0,0,1,1,0,1,ML Engineer
1,1,1,0,0,0,1,1,0,1,ML Engineer
1,1,1,1,0,0,1,1,0,1,ML Engineer
1,1,1,1,0,0,1,1,0,1,ML Engineer
1,1,1,1,0,0,1,1,0,1,ML Engineer
1,1,1,0,0,0,1,1,0,1,ML Engineer
1,1,1,1,0,0,1,1,0,1,ML Engineer
1,1,1,1,0,0,1,1,0,1,ML Engineer
1,1,1,1,0,0,1,1,0,1,ML Engineer
1,1,1,1,0,0,1,1,0,1,ML Engineer
1,1,1,1,0,0,1,0,0,1,ML Engineer
1,1,1,1,0,0,1,1,0,1,ML Engineer
1,1,0,1,0,0,1,1,0,1,ML Engineer
0,0,1,1,0,0,1,1,0,1,ML Engineer
1,1,1,1,0,0,1,1,0,1,ML Engineer
1,1,1,1,0,0,1,0,0,1,ML Engineer
1,0,1,1,0,0,1,1,0,1,ML Engineer
1,1,1,1,0,0,1,1,0,1,ML Engineer
1,1,1,1,0,0,1,1,0,1,ML Engineer
1,1,1,1,0,0,1,0,0,1,ML Engineer
0,1,1,1,0,0,1,1,0,1,ML Engineer
1,1,0,1,0,0,1,1,0,1,ML Engineer
1,0,1,1,0,0,1,1,0,1,ML Engineer
1,1,1,1,0,0,1,1,0,1,ML Engineer
1,1,1,1,0,0,1,1,0,1,ML Engineer
1,1,0,1,0,0,1,1,0,1,ML Engineer
1,1,1,1,0,0,1,1,0,1,ML Engineer
1,1,1,1,0,0,1,1,0,1,ML Engineer
1,1,1,1,0,0,1,1,0,1,ML Engineer
1,1,1,1,0,0,1,1,0,1,ML Engineer
1,1,1,1,0,0,1,1,0,1,ML Engineer
1,1,1,1,0,0,1,1,0,1,ML Engineer
1,1,1,1,0,0,1,0,0,1,ML Engineer
1,1,1,1,0,0,1,1,0,1,ML Engineer
1,1,1,1,0,0,1,1,0,1,ML Engineer
1,1,1,1,0,0,1,0,0,1,ML Engineer
1,1,1,1,0,0,1,1,0,1,ML Engineer
1,1,1,1,0,0,1,1,0,1,ML Engineer
1,1,1,1,0,0,1,1,0,1,ML Engineer
1,1,1,1,0,0,1,1,0,1,ML Engineer
1,1,1,1,0,0,1,1,0,1,ML Engineer
1,1,1,1,0,0,1,0,0,1,ML Engineer
1,1,0,1,0,0,1,1,0,1,ML Engineer
1,1,1,1,0,0,1,1,0,1,ML Engineer
1,1,1,1,0,0,1,0,0,1,ML Engineer
1,1,1,1,0,0,1,1,0,1,ML Engineer
1,1,1,1,0,0,1,1,0,0,ML Engineer
1,1,1,1,0,0,1,1,0,1,ML Engineer
1,1,1,0,0,0,1,1,0,1,ML Engineer
1,1,1,1,0,0,1,1,0,1,ML Engineer
1,1,1,1,0,0,1,1,0,1,ML Engineer
1,1,1,1,0,0,1,1,0,1,ML Engineer
1,1,1,1,0,0,1,1,0,1,ML Engineer
1,1,1,1,0,0,1,1,0,1,ML Engineer
1,1,1,1,0,0,1,1,0,1,ML Engineer
1,1,1,1,0,0,1,1,0,1,ML Engineer
1,1,1,1,0,0,1,1,0,1,ML Engineer
1,1,0,0,0,0,0,1,0,0,Data Engineer
1,1,0,0,0,0,0,1,1,0,Data Engineer
1,1,0,0,0,0,0,1,1,0,Data Engineer
1,1,0,0,0,0,0,1,1,0,Data Engineer
1,1,0,0,0,0,0,1,1,0,Data Engineer
1,1,0,0,0,0,0,1,1,0,Data Engineer
1,1,0,0,0,0,0,1,1,0,Data Engineer
1,1,0,0,0,0,0,1,1,0,Data Engineer
1,1,0,0,0,0,0,1,0,0,Data Engineer
1,1,0,0,0,0,0,1,1,0,Data Engineer
1,1,0,0,0,0,0,1,0,0,Data Engineer
1,1,0,0,0,0,0,1,1,0,Data Engineer
1,1,0,0,0,0,0,1,1,0,Data Engineer
1,1,0,0,0,0,0,1,1,0,Data Engineer
1,1,0,0,0,0,0,1,1,0,Data Engineer
1,1,0,0,0,0,0,1,1,0,Data Engineer
1,1,0,0,0,0,0,1,1,0,Data Engineer
1,1,0,0,0,0,0,1,1,0,Data Engineer
1,1,0,0,0,0,0,1,0,0,Data Engineer
1,1,0,0,0,0,0,1,0,0,Data Engineer
1,1,0,0,0,0,0,1,1,0,Data Engineer
1,1,0,0,0,0,0,1,1,0,Data Engineer
1,1,0,0,0,0,0,1,1,0,Data Engineer
1,1,0,0,0,0,0,1,1,0,Data Engineer
1,1,0,0,0,0,0,1,1,0,Data Engineer
1,1,0,0,0,0,0,1,1,0,Data Engineer
1,1,0,0,0,0,0,1,1,0,Data Engineer
1,1,0,0,0,0,0,1,1,0,Data Engineer
1,1,0,0,0,0,0,1,1,0,Data Engineer
1,1,0,0,0,0,0,1,1,0,Data Engineer
1,1,0,0,0,0,0,1,1,0,Data Engineer
1,1,0,0,0,0,0,1,1,0,Data Engineer
1,1,0,0,0,0,0,1,1,0,Data Engineer
1,1,0,0,0,0,0,1,1,0,Data Engineer
1,1,0,0,0,0,0,1,1,0,Data Engineer
1,1,0,0,0,0,0,1,1,0,Data Engineer
1,1,0,0,0,0,0,0,1,0,Data Engineer
1,1,0,0,0,0,0,1,1,0,Data Engineer
1,1,0,0,0,0,0,1,1,0,Data Engineer
1,1,0,0,0,0,0,1,1,0,Data Engineer
1,1,0,0,0,0,0,1,1,0,Data Engineer
1,1,0,0,0,0,0,1,1,0,Data Engineer
1,1,0,0,0,0,0,1,0,0,Data Engineer
1,1,0,0,0,0,0,1,1,0,Data Engineer
1,1,0,0,0,0,0,1,1,0,Data Engineer
1,1,0,0,0,0,0,1,1,0,Data Engineer
1,1,0,0,0,0,0,1,1,0,Data Engineer
1,1,0,0,0,0,0,1,0,0,Data Engineer
1,1,0,0,0,0,0,1,1,0,Data Engineer
1,1,0,0,0,0,0,1,1,0,Data Engineer
1,1,0,0,0,0,0,1,1,0,Data Engineer
1,1,0,0,0,0,0,1,1,0,Data Engineer
0,1,0,0,0,0,0,1,1,0,Data Engineer
1,1,0,0,0,0,0,1,1,0,Data Engineer
1,1,0,0,0,0,0,1,1,0,Data Engineer
1,1,0,0,0,0,0,1,1,0,Data Engineer
1,1,0,0,0,0,0,1,1,0,Data Engineer
1,1,0,0,0,0,0,1,1,0,Data Engineer
1,1,0,0,0,0,0,1,1,0,Data Engineer
1,1,0,0,0,0,0,1,1,0,Data Engineer
1,1,0,0,0,0,0,1,1,0,Data Engineer
1,1,0,0,0,0,0,1,1,0,Data Engineer
1,1,0,0,0,0,0,1,1,0,Data Engineer
1,1,0,0,0,0,0,1,1,0,Data Engineer
1,1,0,0,0,0,0,1,1,0,Data Engineer
1,1,0,0,0,0,0,1,1,0,Data Engineer
1,1,0,0,0,0,0,1,1,0,Data Engineer
1,1,0,0,0,0,0,1,1,0,Data Engineer
1,1,0,0,0,0,0,1,1,0,Data Engineer
1,1,0,0,0,0,0,1,1,0,Data Engineer
1,1,0,0,0,0,0,1,1,0,Data Engineer
1,1,0,0,0,0,0,1,1,0,Data Engineer
1,1,0,0,0,0,0,1,1,0,Data Engineer
1,1,0,0,0,0,0,1,1,0,Data Engineer
1,1,0,0,0,0,0,1,1,0,Data Engineer
1,1,0,0,0,0,0,1,1,0,Data Engineer
1,1,0,0,0,0,0,1,1,0,Data Engineer
1,1,0,0,0,0,0,1,1,0,Data Engineer
1,1,0,0,0,0,0,1,1,0,Data Engineer
1,1,0,0,0,0,0,1,0,0,Data Engineer
1,1,0,0,0,0,0,1,1,0,Data Engineer
1,1,0,0,0,0,0,1,0,0,Data Engineer
1,0,0,0,0,0,0,1,1,0,Data Engineer
1,1,0,0,0,0,0,1,1,0,Data Engineer
1,1,0,0,0,0,0,1,0,0,Data Engineer
1,1,0,0,0,0,0,1,1,0,Data Engineer
1,1,0,0,0,0,0,1,0,0,Data Engineer
1,1,0,0,0,0,0,1,1,0,Data Engineer
1,1,0,0,0,0,0,1,1,0,Data Engineer
1,1,0,0,0,0,0,1,1,0,Data Engineer
1,1,0,0,0,0,0,1,1,0,Data Engineer
1,1,0,0,0,0,0,1,1,0,Data Engineer
1,1,0,0,0,0,0,1,1,0,Data Engineer
1,1,0,0,0,0,0,1,1,0,Data Engineer
1,1,0,0,0,0,0,1,1,0,Data Engineer
1,1,0,0,0,0,0,1,1,0,Data Engineer
1,1,0,0,0,0,0,1,1,0,Data Engineer
1,1,0,0,0,0,0,1,1,0,Data Engineer
1,1,0,0,0,0,0,1,1,0,Data Engineer
1,1,0,0,0,0,0,1,0,0,Data Engineer
1,1,0,0,0,0,0,1,0,0,Data Engineer
1,1,0,0,0,0,0,1,1,0,Data Engineer
1,1,0,0,0,0,0,1,1,0,Data Engineer
1,1,0,0,0,0,0,1,1,0,Data Engineer
1,1,0,0,0,0,0,1,1,0,Data Engineer
1,1,0,0,0,0,0,1,1,0,Data Engineer
1,1,0,0,0,0,0,1,1,0,Data Engineer
1,1,0,0,0,0,0,1,1,0,Data Engineer
1,1,0,0,0,0,0,1,0,0,Data Engineer
1,1,0,0,0,0,0,1,0,0,Data Engineer
1,1,0,0,0,0,0,1,1,0,Data Engineer
1,1,0,0,0,0,0,1,1,0,Data Engineer
1,1,0,0,0,0,0,1,1,0,Data Engineer
1,1,0,0,0,0,0,1,1,0,Data Engineer
1,1,0,0,0,0,0,1,1,0,Data Engineer
1,1,0,0,0,0,0,1,1,0,Data Engineer
1,1,0,0,0,0,0,1,1,0,Data Engineer
1,1,0,0,0,0,0,1,1,0,Data Engineer
1,1,0,0,0,0,0,1,1,0,Data Engineer
1,1,0,0,0,0,0,1,1,0,Data Engineer
1,1,0,0,0,0,0,1,1,0,Data Engineer
1,1,0,0,0,0,0,1,1,0,Data Engineer
1,1,0,0,0,0,0,1,0,0,Data Engineer
1,1,0,0,0,0,0,1,1,0,Data Engineer
1,1,0,0,0,0,0,1,1,0,Data Engineer
1,1,0,0,0,0,0,1,1,0,Data Engineer
1,1,0,0,0,0,0,1,1,0,Data Engineer
1,1,0,0,0,0,0,1,1,0,Data Engineer
1,1,0,0,0,0,0,1,1,0,Data Engineer
1,1,0,0,0,0,0,1,1,0,Data Engineer
1,1,0,0,0,0,0,1,1,0,Data Engineer
1,1,0,0,0,0,0,1,1,0,Data Engineer
1,1,0,0,0,0,0,1,1,0,Data Engineer
1,1,0,0,0,0,0,1,1,0,Data Engineer
1,1,0,0,0,0,0,1,1,0,Data Engineer
1,1,0,0,0,0,0,1,1,0,Data Engineer
1,1,0,0,0,0,0,1,1,0,Data Engineer
1,1,0,0,0,0,0,1,1,0,Data Engineer
1,1,0,0,0,0,0,0,1,0,Data Engineer
1,1,0,0,0,0,0,1,1,0,Data Engineer
1,1,0,0,0,0,0,1,1,0,Data Engineer
1,1,0,0,0,0,0,1,1,0,Data Engineer
1,1,0,0,0,0,0,1,1,0,Data Engineer
1,1,0,0,0,0,0,1,0,0,Data Engineer
1,1,0,0,0,0,0,1,1,0,Data Engineer
1,1,0,0,0,0,0,1,1,0,Data Engineer
1,1,0,0,0,0,0,1,1,0,Data Engineer
1,1,0,0,0,0,0,1,1,0,Data Engineer
1,1,0,0,0,0,0,1,1,0,Data Engineer
1,1,0,0,0,0,0,1,0,0,Data Engineer
1,1,0,0,0,0,0,1,1,0,Data Engineer
1,1,0,0,0,0,0,1,1,0,Data Engineer
1,1,0,0,0,0,0,1,1,0,Data Engineer
1,1,0,0,0,0,0,1,1,0,Data Engineer
1,1,0,0,0,0,0,1,1,0,Data Engineer
1,1,0,0,0,0,0,1,1,0,Data Engineer
1,1,0,0,0,0,0,1,1,0,Data Engineer
1,1,0,0,0,0,0,1,0,0,Data Engineer
1,1,0,0,0,0,0,1,0,0,Data Engineer
1,1,0,0,0,0,0,1,0,0,Data Engineer
1,1,0,0,0,0,0,1,1,0,Data Engineer
1,1,0,0,0,0,0,1,1,0,Data Engineer
1,1,0,0,0,0,0,1,0,0,Data Engineer
1,1,0,0,0,0,0,1,1,0,Data Engineer
1,1,0,0,0,0,0,1,1,0,Data Engineer
1,1,0,0,0,0,0,1,1,0,Data Engineer
1,1,0,0,0,0,0,1,1,0,Data Engineer
1,1,0,0,0,0,0,1,1,0,Data Engineer
1,1,0,0,0,0,0,1,1,0,Data Engineer
1,1,0,0,0,0,0,1,1,0,Data Engineer
1,1,0,0,0,0,0,1,0,0,Data Engineer
1,0,0,0,0,0,0,1,1,0,Data Engineer
1,1,0,0,0,0,0,1,1,0,Data Engineer
1,1,0,0,0,0,0,1,1,0,Data Engineer
1,1,0,0,0,0,0,1,1,0,Data Engineer
1,1,0,0,0,0,0,1,1,0,Data Engineer
1,1,0,0,0,0,0,1,1,0,Data Engineer
1,1,0,0,0,0,0,1,1,0,Data Engineer
1,1,0,0,0,0,0,1,1,0,Data Engineer
1,1,0,0,0,0,0,1,1,0,Data Engineer
1,1,0,0,0,0,0,1,1,0,Data Engineer
1,1,0,0,0,0,0,1,1,0,Data Engineer
1,1,0,0,0,0,0,1,1,0,Data Engineer
1,1,0,0,0,0,0,1,1,0,Data Engineer
1,1,0,0,0,0,0,1,1,0,Data Engineer
1,1,0,0,0,0,0,1,1,0,Data Engineer
1,1,0,0,0,0,0,0,1,0,Data Engineer
1,1,0,0,0,0,0,1,1,0,Data Engineer
1,1,0,0,0,0,0,1,0,0,Data Engineer
1,1,0,0,0,0,0,1,1,0,Data Engineer
1,1,0,0,0,0,0,1,1,0,Data Engineer
1,1,0,0,0,0,0,1,1,0,Data Engineer
1,1,0,0,0,0,0,1,1,0,Data Engineer
1,1,0,0,0,0,0,1,1,0,Data Engineer
1,1,0,0,0,0,0,1,1,0,Data Engineer
1,1,0,0,0,0,0,1,1,0,Data Engineer
1,1,0,0,0,0,0,1,0,0,Data Engineer
1,1,0,0,0,0,0,1,1,0,Data Engineer
1,1,0,0,0,0,0,1,1,0,Data Engineer
1,1,0,0,0,0,0,1,0,0,Data Engineer
1,1,1,1,0,0,1,1,0,1,AI Engineer
1,1,1,1,0,0,1,0,0,1,AI Engineer
1,1,1,1,0,0,1,1,0,1,AI Engineer
1,0,1,1,0,0,1,0,0,1,AI Engineer
1,1,0,1,0,0,1,1,0,1,AI Engineer
1,1,1,1,0,0,1,1,0,1,AI Engineer
1,0,1,1,0,0,0,1,0,1,AI Engineer
1,1,0,1,0,0,1,1,0,1,AI Engineer
1,1,0,1,0,0,1,0,0,1,AI Engineer
0,0,1,1,0,0,1,1,0,1,AI Engineer
1,1,1,1,0,0,1,1,0,1,AI Engineer
1,1,1,1,0,0,1,1,0,1,AI Engineer
1,1,1,1,0,0,1,1,0,1,AI Engineer
1,0,1,1,0,0,1,1,0,1,AI Engineer
1,1,1,1,0,0,1,1,0,1,AI Engineer
1,1,1,1,0,0,1,1,0,1,AI Engineer
1,0,1,1,0,0,1,1,0,1,AI Engineer
1,1,1,1,0,0,1,1,0,1,AI Engineer
1,1,1,1,0,0,0,1,0,1,AI Engineer
1,1,1,1,0,0,1,1,0,1,AI Engineer
1,1,1,1,0,0,1,1,0,1,AI Engineer
1,0,1,1,0,0,1,1,0,1,AI Engineer
1,0,1,1,0,0,1,1,0,1,AI Engineer
1,1,1,1,0,0,1,1,0,1,AI Engineer
1,1,0,1,0,0,1,1,0,1,AI Engineer
1,1,1,1,0,0,1,1,0,1,AI Engineer
1,1,1,1,0,0,1,1,0,1,AI Engineer
1,1,1,0,0,0,1,1,0,1,AI Engineer
1,1,1,1,0,0,1,1,0,1,AI Engineer
1,0,0,0,0,0,1,1,0,1,AI Engineer
1,1,1,1,0,0,1,1,0,1,AI Engineer
1,1,1,1,0,0,1,1,0,1,AI Engineer
1,1,1,1,0,0,1,1,0,1,AI Engineer
1,1,1,1,0,0,1,1,0,1,AI Engineer
1,1,0,1,0,0,1,1,0,1,AI Engineer
1,1,1,1,0,0,1,1,0,1,AI Engineer
1,1,1,1,0,0,1,1,0,1,AI Engineer
1,1,1,1,0,0,1,1,0,0,AI Engineer
1,1,1,1,0,0,1,1,0,1,AI Engineer
1,1,1,1,0,0,1,1,0,1,AI Engineer
1,1,1,0,0,0,1,1,0,1,AI Engineer
1,1,1,1,0,0,1,1,0,1,AI Engineer
1,1,1,1,0,0,1,0,0,1,AI Engineer
1,1,1,1,0,0,1,1,0,1,AI Engineer
1,1,1,1,0,0,1,1,0,1,AI Engineer
1,1,1,1,0,0,1,1,0,1,AI Engineer
1,1,1,1,0,0,1,1,0,1,AI Engineer
1,1,1,1,0,0,1,1,0,1,AI Engineer
1,1,1,1,0,0,1,1,0,1,AI Engineer
1,1,1,1,0,0,1,1,0,1,AI Engineer
1,1,1,1,0,0,1,1,0,1,AI Engineer
1,1,1,1,0,0,1,1,0,1,AI Engineer
1,1,1,1,0,0,1,1,0,1,AI Engineer
1,1,1,1,0,0,1,1,0,1,AI Engineer
1,1,0,1,0,0,1,1,0,1,AI Engineer
1,1,1,1,0,0,1,1,0,1,AI Engineer
1,1,0,1,0,0,1,1,0,1,AI Engineer
1,1,0,1,0,0,1,1,0,1,AI Engineer
1,1,1,0,0,0,1,1,0,1,AI Engineer
1,1,0,1,0,0,1,1,0,1,AI Engineer
1,1,1,1,0,0,1,0,0,1,AI Engineer
1,1,1,1,0,0,1,1,0,1,AI Engineer
1,1,1,1,0,0,1,1,0,1,AI Engineer
0,1,1,1,0,0,1,1,0,1,AI Engineer
1,1,1,1,0,0,1,1,0,1,AI Engineer
1,1,1,1,0,0,1,1,0,1,AI Engineer
1,1,1,1,0,0,1,1,0,1,AI Engineer
1,1,1,1,0,0,1,0,0,1,AI Engineer
1,1,1,1,0,0,1,0,0,1,AI Engineer
1,1,1,1,0,0,1,1,0,1,AI Engineer
1,1,1,1,0,0,1,1,0,1,AI Engineer
1,1,1,1,0,0,1,1,0,1,AI Engineer
1,1,1,0,0,0,1,1,0,1,AI Engineer
1,1,1,1,0,0,1,0,0,1,AI Engineer
1,1,1,1,0,0,1,1,0,1,AI Engineer
1,1,1,1,0,0,1,1,0,1,AI Engineer
1,1,1,1,0,0,1,1,0,1,AI Engineer
1,1,1,1,0,0,1,1,0,1,AI Engineer
1,1,1,0,0,0,1,1,0,1,AI Engineer
1,1,1,1,0,0,1,0,0,1,AI Engineer
1,1,1,1,0,0,1,0,0,1,AI Engineer
1,1,1,1,0,0,1,1,0,1,AI Engineer
1,1,1,1,0,0,1,1,0,1,AI Engineer
1,1,1,0,0,0,1,1,0,0,AI Engineer
1,1,1,1,0,0,1,1,0,1,AI Engineer
1,1,1,1,0,0,1,0,0,1,AI Engineer
1,1,1,1,0,0,1,1,0,1,AI Engineer
1,1,1,0,0,0,1,1,0,1,AI Engineer
1,1,1,1,0,0,1,1,0,1,AI Engineer
1,0,1,1,0,0,1,1,0,1,AI Engineer
1,1,1,1,0,0,1,1,0,1,AI Engineer
1,1,1,1,0,0,1,1,0,1,AI Engineer
1,1,1,1,0,0,1,1,0,1,AI Engineer
1,1,1,1,0,0,1,1,0,1,AI Engineer
1,1,1,1,0,0,1,1,0,0,AI Engineer
1,1,1,1,0,0,1,0,0,1,AI Engineer
1,1,1,1,0,0,1,1,0,1,AI Engineer
1,1,1,1,0,0,1,0,0,1,AI Engineer
1,1,1,1,0,0,1,0,0,1,AI Engineer
1,1,1,1,0,0,1,1,0,1,AI Engineer
1,1,1,1,0,0,1,1,0,1,AI Engineer
1,1,1,1,0,0,1,1,0,1,AI Engineer
1,0,1,1,0,0,1,1,0,1,AI Engineer
1,1,1,1,0,0,1,1,0,1,AI Engineer
1,1,1,1,0,0,1,0,0,1,AI Engineer
1,1,1,1,0,0,1,1,0,1,AI Engineer
1,1,1,1,0,0,1,0,0,1,AI Engineer
1,0,1,1,0,0,1,1,0,1,AI Engineer
1,0,1,1,0,0,1,1,0,1,AI Engineer
1,1,1,1,0,0,1,1,0,1,AI Engineer
1,0,1,1,0,0,1,1,0,1,AI Engineer
1,1,1,1,0,0,1,1,0,1,AI Engineer
1,1,0,1,0,0,1,1,0,1,AI Engineer
1,1,1,1,0,0,1,1,0,1,AI Engineer
1,0,1,1,0,0,1,1,0,1,AI Engineer
1,0,1,1,0,0,1,1,0,1,AI Engineer
1,1,0,1,0,0,1,1,0,1,AI Engineer
1,1,1,1,0,0,1,1,0,1,AI Engineer
1,1,1,1,0,0,1,1,0,1,AI Engineer
1,1,1,1,0,0,1,1,0,1,AI Engineer
1,1,1,1,0,0,1,1,0,1,AI Engineer
1,1,0,1,0,0,1,1,0,1,AI Engineer
1,1,1,1,0,0,1,1,0,1,AI Engineer
1,1,0,1,0,0,1,1,0,1,AI Engineer
1,1,1,0,0,0,1,1,0,1,AI Engineer
1,1,1,1,0,0,1,1,0,1,AI Engineer
1,0,1,1,0,0,1,1,0,1,AI Engineer
1,1,1,1,0,0,1,1,0,1,AI Engineer
1,1,1,0,0,0,1,1,0,1,AI Engineer
1,1,1,1,0,0,1,1,0,1,AI Engineer
1,1,1,1,0,0,1,1,0,1,AI Engineer
1,1,1,1,0,0,1,1,0,1,AI Engineer
1,1,1,1,0,0,1,1,0,1,AI Engineer
1,1,1,1,0,0,1,1,0,1,AI Engineer
1,1,1,1,0,0,1,1,0,1,AI Engineer
1,1,1,1,0,0,1,0,0,1,AI Engineer
1,1,1,1,0,0,1,1,0,1,AI Engineer
1,1,1,1,0,0,1,0,0,1,AI Engineer
1,1,1,1,0,0,1,1,0,1,AI Engineer
1,1,0,1,0,0,1,1,0,1,AI Engineer
1,1,1,1,0,0,1,1,0,1,AI Engineer
1,1,1,1,0,0,1,0,0,1,AI Engineer
1,1,1,1,0,0,1,1,0,1,AI Engineer
1,1,1,1,0,0,1,1,0,1,AI Engineer
1,1,1,1,0,0,0,1,0,1,AI Engineer
1,1,1,1,0,0,1,1,0,1,AI Engineer
1,1,1,1,0,0,1,1,0,1,AI Engineer
1,1,1,1,0,0,1,1,0,1,AI Engineer
1,1,1,1,0,0,1,1,0,1,AI Engineer
1,1,0,1,0,0,1,1,0,1,AI Engineer
1,1,1,1,0,0,1,1,0,1,AI Engineer
1,1,1,0,0,0,1,1,0,1,AI Engineer
1,1,1,1,0,0,1,1,0,1,AI Engineer
1,1,1,1,0,0,1,1,0,1,AI Engineer
1,1,1,1,0,0,1,1,0,1,AI Engineer
1,1,1,1,0,0,1,1,0,1,AI Engineer
1,1,1,1,0,0,1,1,0,1,AI Engineer
1,1,1,1,0,0,1,1,0,1,AI Engineer
1,1,1,0,0,0,1,1,0,1,AI Engineer
1,1,0,1,0,0,0,1,0,1,AI Engineer
1,0,1,0,0,0,1,1,0,1,AI Engineer
1,1,0,1,0,0,1,1,0,1,AI Engineer
1,1,1,1,0,0,1,1,0,1,AI Engineer
1,1,1,1,0,0,1,1,0,1,AI Engineer
1,1,1,1,0,0,1,1,0,1,AI Engineer
1,1,1,1,0,0,1,1,0,1,AI Engineer
1,1,1,0,0,0,1,0,0,1,AI Engineer
1,1,0,1,0,0,1,1,0,1,AI Engineer
1,1,1,1,0,0,1,1,0,1,AI Engineer
1,1,1,1,0,0,1,1,0,1,AI Engineer
1,0,1,1,0,0,1,1,0,1,AI Engineer
1,0,1,1,0,0,1,1,0,1,AI Engineer
1,1,1,0,0,0,1,1,0,1,AI Engineer
1,0,1,1,0,0,1,1,0,1,AI Engineer
1,1,0,1,0,0,1,1,0,1,AI Engineer
1,1,1,1,0,0,1,1,0,1,AI Engineer
1,1,1,1,0,0,1,0,0,1,AI Engineer
1,1,1,1,0,0,1,1,0,1,AI Engineer
1,1,1,1,0,0,1,1,0,1,AI Engineer
1,1,1,1,0,0,1,1,0,1,AI Engineer
1,1,1,1,0,0,1,1,0,1,AI Engineer
1,1,1,0,0,0,1,1,0,1,AI Engineer
1,1,1,1,0,0,0,1,0,1,AI Engineer
1,1,1,1,0,0,1,1,0,0,AI Engineer
1,1,1,1,0,0,1,1,0,1,AI Engineer
0,1,1,1,0,0,1,1,0,1,AI Engineer
1,1,0,1,0,0,1,0,0,1,AI Engineer
1,1,1,1,0,0,1,1,0,1,AI Engineer
1,1,1,1,0,0,1,1,0,1,AI Engineer
1,1,1,1,0,0,1,1,0,1,AI Engineer
1,1,1,1,0,0,1,1,0,1,AI Engineer
1,1,1,1,0,0,1,1,0,1,AI Engineer
1,0,1,0,0,0,1,1,0,1,AI Engineer
1,1,1,1,0,0,1,1,0,1,AI Engineer
1,0,1,1,0,0,1,1,0,1,AI Engineer
1,1,1,1,0,0,1,0,0,1,AI Engineer
1,1,0,1,0,0,1,1,0,1,AI Engineer
1,1,1,1,0,0,1,1,0,1,AI Engineer
1,1,1,0,0,0,1,1,0,1,AI Engineer
1,1,1,1,0,0,1,1,0,1,AI Engineer
0,1,0,0,0,1,1,0,0,0,BI Analyst
0,1,0,0,1,1,1,0,0,0,BI Analyst
0,1,0,0,1,1,1,0,0,0,BI Analyst
0,1,0,0,1,1,1,0,0,0,BI Analyst
0,1,0,0,1,1,0,0,0,0,BI Analyst
0,1,0,0,1,1,1,0,0,0,BI Analyst
0,1,0,0,1,1,1,0,0,0,BI Analyst
0,0,0,0,1,1,1,0,0,0,BI Analyst
0,1,0,0,1,1,1,0,0,0,BI Analyst
0,1,0,0,1,1,1,0,0,0,BI Analyst
0,1,0,0,1,1,1,0,0,0,BI Analyst
0,1,0,0,1,1,1,0,0,0,BI Analyst
0,1,0,0,1,1,1,0,0,0,BI Analyst
0,1,0,0,1,1,1,0,0,0,BI Analyst
0,1,0,0,1,1,1,0,0,0,BI Analyst
0,1,0,0,1,1,1,0,0,0,BI Analyst
0,0,0,0,1,1,1,0,0,0,BI Analyst
0,1,0,0,1,1,1,0,0,0,BI Analyst
0,1,0,0,1,1,1,0,0,0,BI Analyst
0,0,0,0,1,1,1,0,0,0,BI Analyst
0,1,0,0,1,1,1,0,0,0,BI Analyst
0,1,0,0,1,1,1,0,0,0,BI Analyst
0,1,0,0,0,1,1,0,0,0,BI Analyst
0,1,0,0,1,1,1,0,0,0,BI Analyst
0,1,0,0,0,1,1,0,0,0,BI Analyst
0,1,0,0,1,1,1,0,0,0,BI Analyst
0,1,0,0,1,1,1,0,0,0,BI Analyst
0,1,0,0,1,1,1,0,0,0,BI Analyst
0,1,0,0,0,1,0,0,0,0,BI Analyst
0,1,0,0,1,1,1,0,0,0,BI Analyst
0,1,0,0,1,1,1,0,0,0,BI Analyst
0,1,0,0,1,1,1,0,0,0,BI Analyst
0,1,0,0,0,1,1,0,0,0,BI Analyst
0,1,0,0,1,1,1,0,0,0,BI Analyst
0,0,0,0,1,1,1,0,0,0,BI Analyst
0,1,0,0,1,1,1,0,0,0,BI Analyst
0,1,0,0,1,1,1,0,0,0,BI Analyst
0,1,0,0,1,0,1,0,0,0,BI Analyst
0,1,0,0,1,1,1,0,0,0,BI Analyst
0,1,0,0,1,1,0,0,0,0,BI Analyst
0,1,0,0,1,0,1,0,0,0,BI Analyst
0,1,0,0,0,1,1,0,0,0,BI Analyst
0,1,0,0,1,1,1,0,0,0,BI Analyst
0,1,0,0,1,1,1,0,0,0,BI Analyst
0,1,0,0,0,1,1,0,0,0,BI Analyst
0,1,0,0,1,1,1,0,0,0,BI Analyst
0,1,0,0,1,0,1,0,0,0,BI Analyst
0,1,0,0,1,1,1,0,0,0,BI Analyst
0,1,0,0,1,0,1,0,0,0,BI Analyst
0,1,0,0,1,1,0,0,0,0,BI Analyst
0,1,0,0,1,1,1,0,0,0,BI Analyst
0,1,0,0,1,1,1,0,0,0,BI Analyst
0,1,0,0,1,1,1,0,0,0,BI Analyst
0,1,0,0,1,1,1,0,0,0,BI Analyst
0,1,0,0,1,1,1,0,0,0,BI Analyst
0,1,0,0,1,1,1,0,0,0,BI Analyst
0,1,0,0,1,1,1,0,0,0,BI Analyst
0,1,0,0,1,1,0,0,0,0,BI Analyst
0,1,0,0,0,1,1,0,0,0,BI Analyst
0,1,0,0,1,1,0,0,0,0,BI Analyst
0,1,0,0,1,1,1,0,0,0,BI Analyst
0,1,0,0,1,1,1,0,0,0,BI Analyst
0,1,0,0,1,1,1,0,0,0,BI Analyst
0,1,0,0,1,1,1,0,0,0,BI Analyst
0,1,0,0,1,1,1,0,0,0,BI Analyst
0,1,0,0,0,1,1,0,0,0,BI Analyst
0,1,0,0,0,1,1,0,0,0,BI Analyst
0,1,0,0,1,1,1,0,0,0,BI Analyst
0,1,0,0,1,1,1,0,0,0,BI Analyst
0,1,0,0,1,1,1,0,0,0,BI Analyst
0,1,0,0,1,1,1,0,0,0,BI Analyst
0,0,0,0,1,1,1,0,0,0,BI Analyst
0,1,0,0,1,1,1,0,0,0,BI Analyst
0,1,0,0,1,1,1,0,0,0,BI Analyst
0,1,0,0,1,1,1,0,0,0,BI Analyst
0,1,0,0,1,1,0,0,0,0,BI Analyst
0,1,0,0,1,1,0,0,0,0,BI Analyst
0,1,0,0,0,1,1,0,0,0,BI Analyst
0,1,0,0,1,1,1,0,0,0,BI Analyst
0,1,0,0,1,1,1,0,0,0,BI Analyst
0,1,0,0,1,1,1,0,0,0,BI Analyst
0,1,0,0,1,1,1,0,0,0,BI Analyst
0,1,0,0,1,1,1,0,0,0,BI Analyst
0,1,0,0,1,1,1,0,0,0,BI Analyst
0,0,0,0,1,1,1,0,0,0,BI Analyst
0,1,0,0,1,1,1,0,0,0,BI Analyst
0,1,0,0,1,1,1,0,0,0,BI Analyst
0,1,0,0,1,1,1,0,0,0,BI Analyst
0,1,0,0,1,1,1,0,0,0,BI Analyst
0,1,0,0,1,1,0,0,0,0,BI Analyst
0,1,0,0,0,1,1,0,0,0,BI Analyst
0,1,0,0,1,1,1,0,0,0,BI Analyst
0,0,0,0,1,1,1,0,0,0,BI Analyst
0,0,0,0,1,1,1,0,0,0,BI Analyst
0,1,0,0,1,1,0,0,0,0,BI Analyst
0,1,0,0,1,1,1,0,0,0,BI Analyst
0,1,0,0,1,1,0,0,0,0,BI Analyst
0,0,0,0,1,1,1,0,0,0,BI Analyst
0,0,0,0,1,1,1,0,0,0,BI Analyst
0,1,0,0,1,1,1,0,0,0,BI Analyst
0,1,0,0,1,1,1,0,0,0,BI Analyst
0,1,0,0,1,1,1,0,0,0,BI Analyst
0,1,0,0,1,1,1,0,0,0,BI Analyst
0,1,0,0,1,1,1,0,0,0,BI Analyst
0,1,0,0,1,1,1,0,0,0,BI Analyst
0,1,0,0,1,1,1,0,0,0,BI Analyst
0,1,0,0,1,1,1,0,0,0,BI Analyst
0,1,0,0,1,1,1,0,0,0,BI Analyst
0,1,0,0,1,1,1,0,0,0,BI Analyst
0,0,0,0,1,1,0,0,0,0,BI Analyst
0,1,0,0,1,1,1,0,0,0,BI Analyst
0,1,0,0,1,1,0,0,0,0,BI Analyst
0,1,0,0,1,1,1,0,0,0,BI Analyst
0,1,0,0,1,1,1,0,0,0,BI Analyst
0,1,0,0,1,1,1,0,0,0,BI Analyst
0,1,0,0,1,1,1,0,0,0,BI Analyst
0,1,0,0,1,1,0,0,0,0,BI Analyst
0,1,0,0,1,1,1,0,0,0,BI Analyst
0,1,0,0,1,1,1,0,0,0,BI Analyst
0,0,0,0,1,1,1,0,0,0,BI Analyst
0,1,0,0,1,1,1,0,0,0,BI Analyst
0,1,0,0,1,1,1,0,0,0,BI Analyst
0,1,0,0,1,1,1,0,0,0,BI Analyst
0,1,0,0,1,1,1,0,0,0,BI Analyst
0,1,0,0,1,1,1,0,0,0,BI Analyst
0,0,0,0,0,1,0,0,0,0,BI Analyst
0,1,0,0,1,1,0,0,0,0,BI Analyst
0,1,0,0,1,1,0,0,0,0,BI Analyst
0,0,0,0,0,1,0,0,0,0,BI Analyst
0,1,0,0,1,1,1,0,0,0,BI Analyst
0,1,0,0,1,1,1,0,0,0,BI Analyst
0,1,0,0,1,1,1,0,0,0,BI Analyst
0,1,0,0,1,1,1,0,0,0,BI Analyst
0,1,0,0,1,1,1,0,0,0,BI Analyst
0,1,0,0,1,1,1,0,0,0,BI Analyst
0,1,0,0,1,1,1,0,0,0,BI Analyst
0,1,0,0,1,1,1,0,0,0,BI Analyst
0,1,0,0,1,1,1,0,0,0,BI Analyst
0,1,0,0,1,1,1,0,0,0,BI Analyst
0,1,0,0,1,1,1,0,0,0,BI Analyst
0,1,0,0,1,1,1,0,0,0,BI Analyst
0,1,0,0,1,1,1,0,0,0,BI Analyst
0,0,0,0,1,1,1,0,0,0,BI Analyst
0,1,0,0,1,1,1,0,0,0,BI Analyst
0,1,0,0,1,1,1,0,0,0,BI Analyst
0,1,0,0,1,1,1,0,0,0,BI Analyst
0,1,0,0,1,1,1,0,0,0,BI Analyst
0,1,0,0,1,1,1,0,0,0,BI Analyst
0,1,0,0,1,1,1,0,0,0,BI Analyst
0,1,0,0,1,1,1,0,0,0,BI Analyst
0,1,0,0,1,1,1,0,0,0,BI Analyst
0,1,0,0,0,1,1,0,0,0,BI Analyst
0,1,0,0,1,0,1,0,0,0,BI Analyst
0,1,0,0,0,1,1,0,0,0,BI Analyst
0,1,0,0,0,1,1,0,0,0,BI Analyst
0,1,0,0,0,1,1,0,0,0,BI Analyst
0,1,0,0,1,1,1,0,0,0,BI Analyst
0,1,0,0,1,1,1,0,0,0,BI Analyst
0,1,0,0,1,1,1,0,0,0,BI Analyst
0,1,0,0,1,1,1,0,0,0,BI Analyst
0,1,0,0,1,1,1,0,0,0,BI Analyst
0,1,0,0,1,1,1,0,0,0,BI Analyst
0,1,0,0,1,1,0,0,0,0,BI Analyst
0,1,0,0,1,1,0,0,0,0,BI Analyst
0,1,0,0,1,1,1,0,0,0,BI Analyst
0,0,0,0,1,1,1,0,0,0,BI Analyst
0,1,0,0,1,1,1,0,0,0,BI Analyst
0,0,0,0,1,1,1,0,0,0,BI Analyst
0,1,0,0,1,1,1,0,0,0,BI Analyst
0,1,0,0,1,1,1,0,0,0,BI Analyst
0,1,0,0,1,1,1,0,0,0,BI Analyst
0,1,0,0,0,1,1,0,0,0,BI Analyst
0,1,0,0,1,1,1,0,0,0,BI Analyst
0,1,0,0,1,1,1,0,0,0,BI Analyst
0,1,0,0,0,0,1,0,0,0,BI Analyst
0,1,0,0,0,1,1,0,0,0,BI Analyst
0,1,0,0,1,1,1,0,0,0,BI Analyst
0,0,0,0,1,1,1,0,0,0,BI Analyst
0,1,0,0,0,1,1,0,0,0,BI Analyst
0,1,0,0,1,1,0,0,0,0,BI Analyst
0,1,0,0,1,1,0,0,0,0,BI Analyst
0,1,0,0,1,1,1,0,0,0,BI Analyst
0,1,0,0,1,1,1,0,0,0,BI Analyst
0,0,0,0,1,1,0,0,0,0,BI Analyst
0,0,0,0,1,1,1,0,0,0,BI Analyst
0,1,0,0,1,1,1,0,0,0,BI Analyst
0,1,0,0,1,1,1,0,0,0,BI Analyst
0,1,0,0,1,1,1,0,0,0,BI Analyst
0,1,0,0,1,1,1,0,0,0,BI Analyst
0,1,0,0,1,1,1,0,0,0,BI Analyst
0,1,0,0,1,1,0,0,0,0,BI Analyst
0,1,0,0,1,1,1,0,0,0,BI Analyst
0,1,0,0,1,1,1,0,0,0,BI Analyst
0,1,0,0,0,1,1,0,0,0,BI Analyst
0,1,0,0,1,1,0,0,0,0,BI Analyst
0,0,0,0,1,1,0,0,0,0,BI Analyst
0,1,0,0,1,1,1,0,0,0,BI Analyst
0,1,0,0,1,1,1,0,0,0,BI Analyst
0,1,0,0,1,1,1,0,0,0,BI Analyst
0,1,0,0,1,1,1,0,0,0,BI Analyst
1,1,0,0,0,0,0,1,1,0,Python Developer
1,1,0,0,0,0,0,1,1,0,Python Developer
1,0,0,0,0,0,0,1,1,0,Python Developer
1,1,0,0,0,0,0,1,1,0,Python Developer
1,1,0,0,0,0,0,1,1,0,Python Developer
1,1,0,0,0,0,0,1,1,0,Python Developer
1,1,0,0,0,0,0,1,1,0,Python Developer
1,1,0,0,0,0,0,1,1,0,Python Developer
1,0,0,0,0,0,0,1,1,0,Python Developer
1,1,0,0,0,0,0,1,1,0,Python Developer
1,1,0,0,0,0,0,1,1,0,Python Developer
1,0,0,0,0,0,0,1,1,0,Python Developer
1,1,0,0,0,0,0,1,1,0,Python Developer
1,1,0,0,0,0,0,1,1,0,Python Developer
1,1,0,0,0,0,0,1,1,0,Python Developer
1,1,0,0,0,0,0,1,1,0,Python Developer
1,1,0,0,0,0,0,1,1,0,Python Developer
1,1,0,0,0,0,0,1,1,0,Python Developer
1,0,0,0,0,0,0,1,1,0,Python Developer
1,1,0,0,0,0,0,1,1,0,Python Developer
1,1,0,0,0,0,0,1,1,0,Python Developer
1,1,0,0,0,0,0,1,1,0,Python Developer
1,1,0,0,0,0,0,1,1,0,Python Developer
1,1,0,0,0,0,0,1,1,0,Python Developer
1,1,0,0,0,0,0,1,1,0,Python Developer
1,1,0,0,0,0,0,1,1,0,Python Developer
1,1,0,0,0,0,0,1,1,0,Python Developer
1,1,0,0,0,0,0,1,1,0,Python Developer
1,1,0,0,0,0,0,1,1,0,Python Developer
1,1,0,0,0,0,0,1,1,0,Python Developer
1,1,0,0,0,0,0,1,0,0,Python Developer
1,1,0,0,0,0,0,1,1,0,Python Developer
1,1,0,0,0,0,0,1,1,0,Python Developer
1,1,0,0,0,0,0,1,1,0,Python Developer
1,1,0,0,0,0,0,1,0,0,Python Developer
1,1,0,0,0,0,0,1,1,0,Python Developer
1,1,0,0,0,0,0,1,1,0,Python Developer
1,1,0,0,0,0,0,1,1,0,Python Developer
1,1,0,0,0,0,0,1,1,0,Python Developer
1,1,0,0,0,0,0,1,1,0,Python Developer
1,1,0,0,0,0,0,1,1,0,Python Developer
1,1,0,0,0,0,0,1,1,0,Python Developer
1,0,0,0,0,0,0,1,1,0,Python Developer
1,1,0,0,0,0,0,1,1,0,Python Developer
1,1,0,0,0,0,0,1,1,0,Python Developer
0,0,0,0,0,0,0,1,1,0,Python Developer
1,1,0,0,0,0,0,1,1,0,Python Developer
1,1,0,0,0,0,0,1,1,0,Python Developer
1,1,0,0,0,0,0,1,1,0,Python Developer
1,1,0,0,0,0,0,1,1,0,Python Developer
1,1,0,0,0,0,0,1,1,0,Python Developer
1,1,0,0,0,0,0,0,1,0,Python Developer
1,0,0,0,0,0,0,1,1,0,Python Developer
1,0,0,0,0,0,0,1,1,0,Python Developer
1,1,0,0,0,0,0,1,1,0,Python Developer
1,1,0,0,0,0,0,1,1,0,Python Developer
1,1,0,0,0,0,0,1,1,0,Python Developer
1,1,0,0,0,0,0,1,1,0,Python Developer
1,1,0,0,0,0,0,1,1,0,Python Developer
1,1,0,0,0,0,0,1,1,0,Python Developer
1,1,0,0,0,0,0,1,1,0,Python Developer
1,1,0,0,0,0,0,1,1,0,Python Developer
1,1,0,0,0,0,0,1,1,0,Python Developer
1,0,0,0,0,0,0,1,1,0,Python Developer
1,1,0,0,0,0,0,1,1,0,Python Developer
1,1,0,0,0,0,0,1,1,0,Python Developer
1,1,0,0,0,0,0,1,1,0,Python Developer
1,1,0,0,0,0,0,1,1,0,Python Developer
1,1,0,0,0,0,0,1,1,0,Python Developer
1,1,0,0,0,0,0,1,1,0,Python Developer
1,1,0,0,0,0,0,1,1,0,Python Developer
1,0,0,0,0,0,0,1,1,0,Python Developer
1,1,0,0,0,0,0,1,1,0,Python Developer
1,1,0,0,0,0,0,1,1,0,Python Developer
1,1,0,0,0,0,0,1,1,0,Python Developer
1,1,0,0,0,0,0,1,1,0,Python Developer
1,1,0,0,0,0,0,1,1,0,Python Developer
1,0,0,0,0,0,0,1,1,0,Python Developer
1,1,0,0,0,0,0,1,1,0,Python Developer
1,1,0,0,0,0,0,1,1,0,Python Developer
1,1,0,0,0,0,0,1,1,0,Python Developer
1,1,0,0,0,0,0,1,1,0,Python Developer
1,1,0,0,0,0,0,1,1,0,Python Developer
1,1,0,0,0,0,0,0,1,0,Python Developer
1,1,0,0,0,0,0,1,1,0,Python Developer
1,1,0,0,0,0,0,1,1,0,Python Developer
1,1,0,0,0,0,0,1,1,0,Python Developer
1,1,0,0,0,0,0,1,0,0,Python Developer
1,1,0,0,0,0,0,1,1,0,Python Developer
1,0,0,0,0,0,0,1,1,0,Python Developer
1,1,0,0,0,0,0,1,1,0,Python Developer
1,1,0,0,0,0,0,1,1,0,Python Developer
1,1,0,0,0,0,0,0,1,0,Python Developer
1,1,0,0,0,0,0,1,1,0,Python Developer
1,1,0,0,0,0,0,1,1,0,Python Developer
1,1,0,0,0,0,0,1,1,0,Python Developer
1,1,0,0,0,0,0,1,1,0,Python Developer
1,1,0,0,0,0,0,1,1,0,Python Developer
1,1,0,0,0,0,0,1,1,0,Python Developer
1,1,0,0,0,0,0,1,1,0,Python Developer
1,1,0,0,0,0,0,1,1,0,Python Developer
1,1,0,0,0,0,0,1,1,0,Python Developer
1,1,0,0,0,0,0,1,1,0,Python Developer
1,1,0,0,0,0,0,1,1,0,Python Developer
1,1,0,0,0,0,0,1,1,0,Python Developer
1,1,0,0,0,0,0,1,1,0,Python Developer
1,1,0,0,0,0,0,1,1,0,Python Developer
1,1,0,0,0,0,0,1,1,0,Python Developer
1,1,0,0,0,0,0,1,1,0,Python Developer
1,1,0,0,0,0,0,1,1,0,Python Developer
1,0,0,0,0,0,0,1,1,0,Python Developer
0,1,0,0,0,0,0,1,1,0,Python Developer
1,1,0,0,0,0,0,1,1,0,Python Developer
1,1,0,0,0,0,0,1,1,0,Python Developer
1,1,0,0,0,0,0,1,1,0,Python Developer
1,1,0,0,0,0,0,1,1,0,Python Developer
1,1,0,0,0,0,0,1,1,0,Python Developer
1,1,0,0,0,0,0,1,1,0,Python Developer
1,1,0,0,0,0,0,1,1,0,Python Developer
1,1,0,0,0,0,0,0,1,0,Python Developer
1,1,0,0,0,0,0,1,1,0,Python Developer
1,1,0,0,0,0,0,1,1,0,Python Developer
1,1,0,0,0,0,0,1,1,0,Python Developer
1,1,0,0,0,0,0,1,1,0,Python Developer
1,1,0,0,0,0,0,1,1,0,Python Developer
1,1,0,0,0,0,0,1,1,0,Python Developer
1,1,0,0,0,0,0,1,1,0,Python Developer
1,1,0,0,0,0,0,1,1,0,Python Developer
1,1,0,0,0,0,0,1,1,0,Python Developer
1,1,0,0,0,0,0,1,1,0,Python Developer
1,1,0,0,0,0,0,1,1,0,Python Developer
1,1,0,0,0,0,0,1,1,0,Python Developer
1,1,0,0,0,0,0,0,1,0,Python Developer
1,1,0,0,0,0,0,1,1,0,Python Developer
1,1,0,0,0,0,0,1,1,0,Python Developer
1,1,0,0,0,0,0,1,1,0,Python Developer
1,1,0,0,0,0,0,1,1,0,Python Developer
1,1,0,0,0,0,0,1,1,0,Python Developer
1,1,0,0,0,0,0,1,1,0,Python Developer
1,1,0,0,0,0,0,1,1,0,Python Developer
1,1,0,0,0,0,0,1,1,0,Python Developer
1,1,0,0,0,0,0,1,1,0,Python Developer
1,1,0,0,0,0,0,1,1,0,Python Developer
1,1,0,0,0,0,0,1,1,0,Python Developer
1,1,0,0,0,0,0,1,1,0,Python Developer
1,1,0,0,0,0,0,1,1,0,Python Developer
1,1,0,0,0,0,0,1,1,0,Python Developer
1,1,0,0,0,0,0,1,1,0,Python Developer
1,1,0,0,0,0,0,1,1,0,Python Developer
1,1,0,0,0,0,0,1,1,0,Python Developer
1,1,0,0,0,0,0,1,1,0,Python Developer
1,1,0,0,0,0,0,1,1,0,Python Developer
1,0,0,0,0,0,0,1,1,0,Python Developer
1,1,0,0,0,0,0,1,1,0,Python Developer
1,1,0,0,0,0,0,1,1,0,Python Developer
1,1,0,0,0,0,0,1,1,0,Python Developer
1,1,0,0,0,0,0,1,1,0,Python Developer
1,0,0,0,0,0,0,0,1,0,Python Developer
1,1,0,0,0,0,0,1,1,0,Python Developer
1,1,0,0,0,0,0,1,1,0,Python Developer
1,1,0,0,0,0,0,1,1,0,Python Developer
0,1,0,0,0,0,0,1,1,0,Python Developer
1,1,0,0,0,0,0,1,1,0,Python Developer
1,1,0,0,0,0,0,1,1,0,Python Developer
1,1,0,0,0,0,0,0,1,0,Python Developer
1,0,0,0,0,0,0,1,1,0,Python Developer
1,1,0,0,0,0,0,1,1,0,Python Developer
1,1,0,0,0,0,0,1,1,0,Python Developer
1,1,0,0,0,0,0,1,1,0,Python Developer
1,1,0,0,0,0,0,1,1,0,Python Developer
1,1,0,0,0,0,0,1,1,0,Python Developer
1,1,0,0,0,0,0,1,1,0,Python Developer
1,1,0,0,0,0,0,1,1,0,Python Developer
1,1,0,0,0,0,0,1,1,0,Python Developer
1,1,0,0,0,0,0,1,1,0,Python Developer
1,1,0,0,0,0,0,1,1,0,Python Developer
1,1,0,0,0,0,0,1,1,0,Python Developer
1,1,0,0,0,0,0,1,1,0,Python Developer
1,0,0,0,0,0,0,1,1,0,Python Developer
1,1,0,0,0,0,0,1,1,0,Python Developer
1,1,0,0,0,0,0,1,1,0,Python Developer
1,1,0,0,0,0,0,1,1,0,Python Developer
0,1,0,0,0,0,0,1,1,0,Python Developer
1,1,0,0,0,0,0,1,1,0,Python Developer
1,1,0,0,0,0,0,1,1,0,Python Developer
1,1,0,0,0,0,0,1,1,0,Python Developer
1,1,0,0,0,0,0,1,1,0,Python Developer
1,1,0,0,0,0,0,1,1,0,Python Developer
1,1,0,0,0,0,0,1,1,0,Python Developer
1,1,0,0,0,0,0,1,1,0,Python Developer
1,1,0,0,0,0,0,1,1,0,Python Developer
1,1,0,0,0,0,0,1,1,0,Python Developer
1,1,0,0,0,0,0,1,1,0,Python Developer
1,1,0,0,0,0,0,1,1,0,Python Developer
1,1,0,0,0,0,0,1,1,0,Python Developer
1,1,0,0,0,0,0,1,1,0,Python Developer
1,1,0,0,0,0,0,1,1,0,Python Developer
1,1,0,0,0,0,0,1,1,0,Python Developer
1,1,0,0,0,0,0,1,1,0,Python Developer
1,0,0,0,0,0,0,1,1,0,Python Developer
